Date,Open,High,Low,Close,Volume
19-Sep-14,14.40,14.40,12.50,12.70,2202493
18-Sep-14,12.32,12.49,12.03,12.37,981172
17-Sep-14,12.05,12.53,12.05,12.29,1265062
16-Sep-14,11.54,12.25,11.53,11.99,1800124
15-Sep-14,11.89,11.96,11.39,11.57,1871811
12-Sep-14,11.47,11.98,11.47,11.81,1618965
11-Sep-14,11.19,11.55,11.12,11.50,1280828
10-Sep-14,10.83,11.33,10.66,11.27,1358490
9-Sep-14,10.34,10.95,10.05,10.84,2030419
8-Sep-14,9.67,10.47,9.60,10.35,1245949
5-Sep-14,9.65,9.85,9.46,9.64,665796
4-Sep-14,9.80,10.20,9.65,9.73,1137208
3-Sep-14,10.13,10.30,10.06,10.08,593714
2-Sep-14,10.30,10.37,9.96,10.10,1174897
29-Aug-14,10.17,10.30,9.95,10.30,968872
28-Aug-14,9.85,10.75,9.80,10.16,1996655
27-Aug-14,9.80,10.02,9.78,9.90,883720
26-Aug-14,9.44,9.80,9.41,9.78,1038982
25-Aug-14,9.46,9.59,9.38,9.48,1181449
22-Aug-14,9.70,9.74,9.25,9.38,1392529
21-Aug-14,9.84,9.98,9.53,9.70,644825
20-Aug-14,9.90,10.02,9.79,9.86,1245211
19-Aug-14,9.70,10.22,9.66,9.91,1501684
18-Aug-14,9.80,9.95,9.57,9.69,855814
15-Aug-14,9.84,9.92,9.51,9.74,916102
14-Aug-14,10.05,10.12,9.68,9.75,982339
13-Aug-14,9.38,10.09,9.38,10.04,1582756
12-Aug-14,9.26,9.46,9.07,9.37,1510863
11-Aug-14,9.34,9.54,9.13,9.27,1334480
8-Aug-14,9.53,9.64,9.13,9.23,1739537
7-Aug-14,9.75,10.25,9.32,9.49,8258612
6-Aug-14,8.72,8.81,8.30,8.47,1870451
5-Aug-14,8.46,8.89,8.44,8.85,2043047
4-Aug-14,8.78,8.84,8.42,8.51,1156560
1-Aug-14,8.45,8.91,8.07,8.74,2674788
31-Jul-14,8.90,8.93,8.49,8.51,3078393
30-Jul-14,8.31,9.24,8.24,8.91,2939424
29-Jul-14,8.75,9.00,7.85,8.26,11586271
28-Jul-14,10.05,10.21,9.04,9.15,15349526
25-Jul-14,14.10,14.19,13.85,13.90,722881
24-Jul-14,14.50,14.60,14.00,14.17,716701
23-Jul-14,14.18,14.54,13.98,14.45,1032198
22-Jul-14,14.16,14.40,13.94,14.08,790043
21-Jul-14,13.97,14.24,13.64,14.00,786759
18-Jul-14,13.67,14.31,13.44,14.00,1219697
17-Jul-14,13.74,14.17,13.62,13.72,1403536
16-Jul-14,14.89,15.08,13.74,13.87,3376016
15-Jul-14,15.44,15.44,14.63,14.77,1092578
14-Jul-14,15.50,15.60,15.19,15.42,690289
11-Jul-14,15.46,15.64,14.85,15.32,1320827
10-Jul-14,14.40,15.54,14.35,15.45,972940
9-Jul-14,15.03,15.23,14.80,15.05,745805
8-Jul-14,15.59,15.65,14.62,15.01,2259969
7-Jul-14,16.21,16.27,15.55,15.73,1121790
3-Jul-14,16.31,16.44,15.95,16.18,408931
2-Jul-14,16.20,16.56,16.02,16.27,982847
1-Jul-14,15.90,16.39,15.90,16.20,1529021
30-Jun-14,15.89,15.99,15.61,15.82,1312290
27-Jun-14,15.47,16.10,15.38,15.96,2530268
26-Jun-14,15.47,15.70,15.30,15.48,740519
25-Jun-14,15.16,15.49,14.81,15.43,1031554
24-Jun-14,15.56,15.97,15.20,15.30,1473057
23-Jun-14,16.18,16.20,15.15,15.50,2091899
20-Jun-14,16.27,16.50,15.88,16.23,1850763
19-Jun-14,16.12,16.49,15.93,16.32,1539549
18-Jun-14,15.99,16.15,15.51,16.00,1322355
17-Jun-14,14.99,16.05,14.90,15.83,3323775
16-Jun-14,14.69,15.06,14.60,14.95,834241
13-Jun-14,14.74,14.89,14.23,14.75,1020102
12-Jun-14,15.13,15.35,14.54,14.71,1584878
11-Jun-14,14.84,15.35,14.68,15.24,1115678
10-Jun-14,15.29,15.42,14.77,15.03,1701308
9-Jun-14,14.53,15.69,14.50,15.29,3430655
6-Jun-14,14.55,14.65,14.34,14.48,1025752
5-Jun-14,14.86,14.86,14.22,14.48,873032
4-Jun-14,14.58,14.62,14.05,14.50,1957366
3-Jun-14,14.00,14.84,13.81,14.75,2318381
2-Jun-14,14.21,14.43,13.84,14.05,1953717
30-May-14,15.04,15.10,13.89,14.19,3003111
29-May-14,14.83,15.11,14.36,14.54,2487390
28-May-14,14.35,14.75,13.89,14.75,2923221
27-May-14,13.69,14.32,13.60,14.29,2899170
23-May-14,13.45,13.70,13.23,13.46,1420132
22-May-14,13.38,13.87,13.20,13.40,1517050
21-May-14,13.01,13.63,12.92,13.40,1997837
20-May-14,13.26,13.26,12.61,12.99,1647423
19-May-14,12.71,13.38,12.61,13.36,1832464
16-May-14,12.97,13.10,12.55,12.88,1263506
15-May-14,13.00,13.32,12.80,12.96,1860432
14-May-14,13.34,13.44,13.00,13.07,1764482
13-May-14,13.52,13.99,13.21,13.42,1430920
12-May-14,13.25,13.90,13.00,13.59,2212551
9-May-14,14.17,14.17,12.80,13.25,3618578
8-May-14,13.34,14.40,13.00,13.20,3095605
7-May-14,13.79,13.95,12.78,13.40,1434591
6-May-14,14.36,14.67,13.76,13.80,1018035
5-May-14,14.16,14.64,13.85,14.49,855719
2-May-14,14.47,14.63,13.73,14.31,966726
1-May-14,14.21,14.90,13.90,14.38,1632835
30-Apr-14,13.90,14.22,13.35,14.18,1202574
29-Apr-14,13.41,14.35,13.41,14.00,1318731
28-Apr-14,14.00,14.20,12.88,13.41,2216869
25-Apr-14,14.33,14.54,13.67,13.91,1305970
24-Apr-14,14.47,14.82,13.85,14.49,1333006
23-Apr-14,14.68,14.84,14.04,14.40,1860420
22-Apr-14,13.88,15.14,13.88,14.76,2882707
21-Apr-14,13.40,13.87,13.06,13.82,1485359
17-Apr-14,13.20,13.98,12.88,13.37,2127450
16-Apr-14,12.50,13.25,12.17,13.18,1941445
15-Apr-14,12.53,12.95,11.50,12.29,3816360
14-Apr-14,12.08,12.82,11.80,12.54,2960424
11-Apr-14,12.88,13.18,11.86,12.02,3881622
10-Apr-14,14.17,14.31,12.50,13.05,3011678
9-Apr-14,13.54,14.45,13.48,14.31,1777331
8-Apr-14,13.48,13.81,13.17,13.45,1954616
7-Apr-14,14.00,14.51,13.14,13.51,3655757
4-Apr-14,14.87,15.74,13.73,14.13,3507935
3-Apr-14,16.31,16.41,14.58,14.85,4134458
2-Apr-14,16.23,16.72,16.05,16.21,2326969
1-Apr-14,15.46,16.24,15.21,16.07,2756910
31-Mar-14,14.82,15.35,14.55,15.12,3646116
28-Mar-14,15.25,15.50,14.77,14.81,2178699
27-Mar-14,15.03,16.00,14.74,15.08,2885447
26-Mar-14,15.11,16.03,14.98,15.47,3880548
25-Mar-14,16.03,16.29,14.97,15.04,3228502
24-Mar-14,17.30,17.45,15.60,15.65,5688339
21-Mar-14,17.00,17.42,16.44,17.35,9500071
20-Mar-14,16.40,17.05,16.14,16.81,6177916
19-Mar-14,18.00,18.30,15.40,16.02,14966685
18-Mar-14,13.99,14.75,13.90,14.68,2537437
17-Mar-14,13.31,14.13,13.30,13.89,5460939
14-Mar-14,13.61,13.61,12.93,13.15,2143148
13-Mar-14,13.26,13.64,12.37,13.05,4756578
12-Mar-14,13.05,13.69,12.31,13.62,1888742
11-Mar-14,13.73,14.27,13.28,13.33,2587549
10-Mar-14,13.07,13.65,13.03,13.58,1485023
7-Mar-14,13.16,13.27,12.80,13.18,878008
6-Mar-14,13.57,13.64,12.62,13.05,1888421
5-Mar-14,12.99,13.69,12.80,13.34,1838170
4-Mar-14,13.00,13.39,12.90,12.99,1662399
3-Mar-14,11.80,12.86,11.37,12.79,2214021
28-Feb-14,12.71,12.90,11.91,12.22,1638283
27-Feb-14,12.00,12.82,11.98,12.67,1750474
26-Feb-14,12.03,12.39,11.83,12.00,1138621
25-Feb-14,12.23,12.42,11.85,12.01,1066665
24-Feb-14,12.08,12.49,11.56,12.15,2298961
21-Feb-14,11.18,12.25,11.11,12.04,3236058
20-Feb-14,11.00,11.25,10.84,11.11,1533889
19-Feb-14,10.89,11.14,10.50,10.98,2210079
18-Feb-14,10.37,11.08,10.14,10.86,2640294
14-Feb-14,10.31,10.42,9.95,10.24,907802
13-Feb-14,9.83,10.61,9.83,10.29,1791391
12-Feb-14,9.79,10.05,9.75,9.90,713544
11-Feb-14,10.10,10.15,9.75,10.01,811187
10-Feb-14,9.94,10.25,9.80,10.04,991544
7-Feb-14,9.79,10.06,9.55,9.89,668556
6-Feb-14,9.91,10.08,9.68,9.77,529546
5-Feb-14,9.83,10.01,9.66,9.91,1479736
4-Feb-14,10.10,10.41,9.61,9.93,2209699
3-Feb-14,9.84,10.19,9.61,10.01,2391530
31-Jan-14,9.78,10.00,9.59,9.86,2495059
30-Jan-14,10.47,10.68,9.86,9.90,5090181
29-Jan-14,8.85,10.52,8.48,10.05,9620774
28-Jan-14,7.93,8.52,7.93,8.50,1373306
27-Jan-14,8.34,8.36,7.63,7.93,1730540
24-Jan-14,8.44,8.55,8.32,8.33,697543
23-Jan-14,8.33,8.48,8.14,8.47,684727
22-Jan-14,8.39,8.47,8.22,8.38,529252
21-Jan-14,8.70,8.83,8.23,8.42,1274481
17-Jan-14,8.44,8.85,8.44,8.61,1039101
16-Jan-14,8.42,8.53,8.34,8.51,986571
15-Jan-14,8.42,8.50,8.29,8.48,581587
14-Jan-14,8.45,8.63,8.38,8.43,823978
13-Jan-14,8.50,8.59,8.10,8.43,1629213
10-Jan-14,8.62,8.99,8.44,8.50,1433786
9-Jan-14,8.95,9.00,8.45,8.59,1402266
8-Jan-14,8.65,9.13,8.62,8.79,2106291
7-Jan-14,8.34,8.82,8.26,8.55,3928408
6-Jan-14,8.20,8.48,8.12,8.40,2277535
3-Jan-14,7.60,8.34,7.59,8.13,2842747
2-Jan-14,7.80,7.89,7.40,7.61,1547939
31-Dec-13,7.59,7.69,7.50,7.62,1543066
30-Dec-13,7.44,7.70,7.36,7.52,976904
27-Dec-13,7.50,7.54,7.26,7.42,802834
26-Dec-13,7.51,7.71,7.44,7.46,986580
24-Dec-13,7.72,7.80,7.39,7.52,843837
23-Dec-13,7.10,7.80,7.08,7.71,2336130
20-Dec-13,7.12,7.15,6.87,7.06,3081267
19-Dec-13,6.85,7.34,6.78,7.08,5519870
18-Dec-13,6.78,6.83,6.71,6.78,1401236
17-Dec-13,6.83,6.84,6.65,6.73,685044
16-Dec-13,6.62,6.80,6.62,6.76,1144999
13-Dec-13,6.79,6.83,6.43,6.61,2730436
12-Dec-13,6.60,6.84,6.60,6.75,743505
11-Dec-13,6.83,6.90,6.54,6.61,1264445
10-Dec-13,6.97,7.15,6.66,6.80,1007715
9-Dec-13,6.83,7.20,6.64,7.04,1207805
6-Dec-13,6.95,6.97,6.68,6.77,724034
5-Dec-13,6.93,6.93,6.74,6.87,854979
4-Dec-13,7.12,7.15,6.75,6.93,1272046
3-Dec-13,7.21,7.35,6.99,7.15,2051492
2-Dec-13,7.30,7.39,6.94,7.24,1216927
29-Nov-13,6.88,7.28,6.80,7.22,995100
27-Nov-13,6.88,6.91,6.73,6.83,767603
26-Nov-13,6.91,6.98,6.76,6.84,1158588
25-Nov-13,6.50,7.08,6.47,6.70,2102550
22-Nov-13,6.52,6.80,6.41,6.49,1792532
21-Nov-13,5.98,6.58,5.91,6.52,4149138
20-Nov-13,6.00,6.10,5.80,5.98,2941275
19-Nov-13,5.74,6.09,5.47,6.06,13505049
18-Nov-13,4.56,4.63,4.45,4.47,632275
15-Nov-13,4.63,4.72,4.55,4.58,576841
14-Nov-13,4.71,4.77,4.53,4.64,340486
13-Nov-13,4.56,4.80,4.54,4.70,873770
12-Nov-13,4.45,4.64,4.41,4.56,668791
11-Nov-13,5.10,5.19,4.39,4.48,2126403
8-Nov-13,4.38,4.92,4.20,4.86,3963470
7-Nov-13,3.89,3.98,3.70,3.74,492483
6-Nov-13,4.09,4.09,3.80,3.89,566724
5-Nov-13,4.09,4.19,3.94,4.06,645862
4-Nov-13,4.20,4.45,4.09,4.14,498896
1-Nov-13,4.21,4.42,4.14,4.20,641569
31-Oct-13,4.27,4.35,4.08,4.19,651629
30-Oct-13,4.69,4.85,4.15,4.30,1365688
29-Oct-13,4.85,4.85,4.61,4.65,618780
28-Oct-13,4.56,4.83,4.48,4.83,1352484
25-Oct-13,4.61,4.66,4.37,4.53,633844
24-Oct-13,4.40,4.65,4.36,4.60,1514036
23-Oct-13,4.30,4.40,4.20,4.36,590658
22-Oct-13,4.35,4.42,4.06,4.31,1011292
21-Oct-13,3.92,4.36,3.90,4.34,2861795
18-Oct-13,3.90,3.95,3.70,3.75,603863
17-Oct-13,3.71,3.90,3.70,3.85,456601
16-Oct-13,3.77,3.80,3.70,3.74,253299
15-Oct-13,3.74,3.87,3.69,3.75,542157
14-Oct-13,3.75,3.77,3.65,3.75,399716
11-Oct-13,3.80,3.82,3.71,3.76,374311
10-Oct-13,3.74,3.88,3.69,3.79,667235
9-Oct-13,3.80,3.87,3.60,3.69,897071
8-Oct-13,3.85,4.00,3.67,3.80,1586371
7-Oct-13,3.65,3.90,3.50,3.87,1380469
4-Oct-13,3.41,3.70,3.30,3.67,1056966
3-Oct-13,3.35,3.44,3.21,3.42,509076
2-Oct-13,3.47,3.51,3.33,3.34,404883
1-Oct-13,3.34,3.50,3.34,3.47,401563
30-Sep-13,3.29,3.43,3.23,3.35,664233
27-Sep-13,3.50,3.50,3.26,3.35,605458
26-Sep-13,3.45,3.52,3.42,3.50,519589
25-Sep-13,3.52,3.52,3.42,3.45,580304
24-Sep-13,3.41,3.52,3.30,3.50,789825
23-Sep-13,3.45,3.55,3.35,3.40,904544
20-Sep-13,3.16,3.45,3.11,3.42,1335464
19-Sep-13,3.23,3.25,3.06,3.13,627373
18-Sep-13,3.20,3.23,3.08,3.21,1269262
17-Sep-13,2.77,3.29,2.77,3.25,3044585
16-Sep-13,2.80,2.84,2.70,2.77,368411
13-Sep-13,2.72,2.84,2.69,2.77,445252
12-Sep-13,2.81,2.82,2.65,2.71,620847
11-Sep-13,2.64,2.82,2.60,2.81,840056
10-Sep-13,2.60,2.67,2.57,2.65,716644
9-Sep-13,2.56,2.62,2.54,2.60,300909
6-Sep-13,2.61,2.61,2.53,2.56,257886
5-Sep-13,2.55,2.61,2.54,2.59,376737
4-Sep-13,2.51,2.55,2.47,2.54,139976
3-Sep-13,2.56,2.56,2.48,2.50,207625
30-Aug-13,2.57,2.60,2.49,2.53,291363
29-Aug-13,2.50,2.63,2.50,2.58,412974
28-Aug-13,2.67,2.67,2.46,2.52,503694
27-Aug-13,2.65,2.68,2.54,2.60,570060
26-Aug-13,2.70,2.71,2.48,2.68,758521
23-Aug-13,2.50,2.76,2.43,2.65,1318606
22-Aug-13,2.13,2.57,2.13,2.56,1623973
21-Aug-13,2.13,2.15,2.11,2.12,113981
20-Aug-13,2.12,2.17,2.12,2.14,149297
19-Aug-13,2.13,2.25,2.13,2.13,179086
16-Aug-13,2.15,2.25,2.13,2.14,224352
15-Aug-13,2.24,2.24,2.16,2.17,213257
14-Aug-13,2.18,2.25,2.13,2.24,403254
13-Aug-13,2.25,2.32,2.15,2.16,504882
12-Aug-13,2.27,2.36,2.21,2.26,395951
9-Aug-13,2.54,2.54,2.26,2.29,774384
8-Aug-13,2.45,2.47,2.38,2.42,292038
7-Aug-13,2.51,2.52,2.39,2.44,212523
6-Aug-13,2.52,2.56,2.51,2.52,96474
5-Aug-13,2.64,2.64,2.52,2.53,237771
2-Aug-13,2.53,2.62,2.52,2.62,233796
1-Aug-13,2.53,2.56,2.52,2.54,209518
31-Jul-13,2.61,2.61,2.43,2.52,357129
30-Jul-13,2.59,2.67,2.59,2.61,96769
29-Jul-13,2.71,2.73,2.57,2.57,291624
26-Jul-13,2.69,2.78,2.65,2.68,397843
25-Jul-13,2.56,2.72,2.56,2.69,360529
24-Jul-13,2.61,2.67,2.53,2.53,335748
23-Jul-13,2.56,2.65,2.54,2.60,235176
22-Jul-13,2.71,2.76,2.54,2.56,444080
19-Jul-13,2.70,2.81,2.68,2.70,519055
18-Jul-13,2.63,2.77,2.63,2.70,592033
17-Jul-13,2.56,2.65,2.55,2.62,599576
16-Jul-13,2.52,2.61,2.48,2.53,722090
15-Jul-13,2.48,2.50,2.41,2.50,250044
12-Jul-13,2.46,2.50,2.45,2.49,52077
11-Jul-13,2.46,2.53,2.44,2.47,331892
10-Jul-13,2.35,2.43,2.31,2.43,137194
9-Jul-13,2.40,2.40,2.31,2.34,273301
8-Jul-13,2.40,2.41,2.36,2.40,110383
5-Jul-13,2.52,2.52,2.33,2.40,202104
3-Jul-13,2.49,2.50,2.47,2.50,64512
2-Jul-13,2.50,2.51,2.46,2.51,317280
1-Jul-13,2.48,2.50,2.42,2.49,329798
28-Jun-13,2.42,2.50,2.39,2.46,1692852
27-Jun-13,2.48,2.49,2.38,2.42,281508
26-Jun-13,2.47,2.47,2.41,2.47,155842
25-Jun-13,2.47,2.48,2.43,2.46,328831
24-Jun-13,2.41,2.46,2.35,2.44,340386
21-Jun-13,2.41,2.47,2.34,2.46,465972
20-Jun-13,2.35,2.42,2.35,2.39,185226
19-Jun-13,2.30,2.38,2.29,2.37,302447
18-Jun-13,2.25,2.32,2.24,2.32,175551
17-Jun-13,2.32,2.32,2.24,2.25,253912
14-Jun-13,2.29,2.30,2.26,2.28,144498
13-Jun-13,2.27,2.29,2.24,2.28,84537
12-Jun-13,2.30,2.30,2.26,2.28,164902
11-Jun-13,2.23,2.31,2.23,2.30,201021
10-Jun-13,2.27,2.28,2.24,2.25,171261
7-Jun-13,2.28,2.32,2.25,2.28,189815
6-Jun-13,2.29,2.31,2.24,2.27,231773
5-Jun-13,2.30,2.33,2.27,2.30,196054
4-Jun-13,2.32,2.35,2.30,2.30,219817
3-Jun-13,2.38,2.38,2.30,2.33,342677
31-May-13,2.39,2.41,2.36,2.37,171959
30-May-13,2.40,2.42,2.38,2.40,108776
29-May-13,2.42,2.47,2.38,2.38,142594
28-May-13,2.42,2.50,2.38,2.44,462219
24-May-13,2.37,2.42,2.34,2.40,151072
23-May-13,2.37,2.41,2.30,2.39,236355
22-May-13,2.37,2.44,2.35,2.39,237180
21-May-13,2.38,2.38,2.33,2.38,321211
20-May-13,2.38,2.40,2.35,2.39,204572
17-May-13,2.41,2.43,2.36,2.40,267047
16-May-13,2.49,2.49,2.41,2.41,214790
15-May-13,2.52,2.55,2.47,2.52,306022
14-May-13,2.36,2.54,2.36,2.54,511675
13-May-13,2.37,2.38,2.30,2.37,198483
10-May-13,2.53,2.57,2.34,2.38,610375
9-May-13,2.52,2.58,2.43,2.47,351881
8-May-13,2.46,2.54,2.46,2.53,394158
7-May-13,2.39,2.49,2.39,2.46,341429
6-May-13,2.39,2.41,2.39,2.40,320462
3-May-13,2.34,2.40,2.33,2.38,248423
2-May-13,2.26,2.40,2.25,2.34,381988
1-May-13,2.40,2.43,2.27,2.28,472897
30-Apr-13,2.39,2.43,2.36,2.40,289873
29-Apr-13,2.50,2.50,2.38,2.40,319694
26-Apr-13,2.50,2.54,2.44,2.48,252066
25-Apr-13,2.50,2.57,2.49,2.53,306759
24-Apr-13,2.52,2.52,2.47,2.49,134636
23-Apr-13,2.46,2.50,2.42,2.50,260887
22-Apr-13,2.52,2.52,2.40,2.42,225568
19-Apr-13,2.27,2.46,2.25,2.44,406744
18-Apr-13,2.27,2.32,2.23,2.27,172592
17-Apr-13,2.33,2.35,2.26,2.27,341607
16-Apr-13,2.40,2.40,2.31,2.35,324096
15-Apr-13,2.49,2.53,2.38,2.39,502207
12-Apr-13,2.47,2.53,2.47,2.51,370140
11-Apr-13,2.47,2.52,2.44,2.50,335125
10-Apr-13,2.46,2.54,2.42,2.49,703930
9-Apr-13,2.40,2.46,2.38,2.44,145042
8-Apr-13,2.49,2.50,2.36,2.41,326197
5-Apr-13,2.40,2.50,2.36,2.47,416397
4-Apr-13,2.40,2.42,2.33,2.42,489373
3-Apr-13,2.49,2.52,2.34,2.41,721751
2-Apr-13,2.52,2.53,2.47,2.51,558968
1-Apr-13,2.74,2.75,2.47,2.52,969512
28-Mar-13,2.85,2.86,2.67,2.71,932641
27-Mar-13,2.73,2.85,2.67,2.83,791811
26-Mar-13,2.93,2.95,2.65,2.75,1616317
25-Mar-13,2.53,2.90,2.53,2.88,2381241
22-Mar-13,2.56,2.56,2.50,2.52,324159
21-Mar-13,2.50,2.60,2.50,2.56,533984
20-Mar-13,2.60,2.60,2.45,2.50,510359
19-Mar-13,2.43,2.59,2.40,2.58,1048372
18-Mar-13,2.57,2.57,2.16,2.43,852524
15-Mar-13,2.40,2.53,2.34,2.48,1175518
14-Mar-13,2.23,2.37,2.22,2.35,749307
13-Mar-13,2.25,2.25,2.20,2.22,139520
12-Mar-13,2.21,2.25,2.20,2.23,199933
11-Mar-13,2.21,2.27,2.18,2.22,394826
8-Mar-13,2.29,2.31,2.16,2.21,473134
7-Mar-13,2.20,2.34,2.15,2.26,1671035
6-Mar-13,2.02,2.10,1.99,2.05,455233
5-Mar-13,1.99,2.08,1.99,2.01,460565
4-Mar-13,2.01,2.03,1.96,1.99,494592
1-Mar-13,2.07,2.11,1.97,2.01,957981
28-Feb-13,2.16,2.20,2.08,2.11,547210
27-Feb-13,2.15,2.18,2.13,2.17,230769
26-Feb-13,2.15,2.19,2.13,2.15,187243
25-Feb-13,2.18,2.24,2.12,2.12,434465
22-Feb-13,2.15,2.17,2.11,2.17,329906
21-Feb-13,2.25,2.28,2.12,2.15,511973
20-Feb-13,2.36,2.36,2.25,2.25,580834
19-Feb-13,2.42,2.45,2.35,2.37,264207
15-Feb-13,2.46,2.46,2.41,2.42,317377
14-Feb-13,2.45,2.45,2.39,2.43,303676
13-Feb-13,2.50,2.51,2.42,2.44,391313
12-Feb-13,2.43,2.52,2.39,2.46,566705
11-Feb-13,2.30,2.48,2.28,2.43,657949
8-Feb-13,2.31,2.36,2.27,2.31,161241
7-Feb-13,2.31,2.34,2.29,2.31,257066
6-Feb-13,2.44,2.49,2.29,2.32,648351
5-Feb-13,2.33,2.48,2.32,2.44,1154221
4-Feb-13,2.14,2.28,2.14,2.26,495017
1-Feb-13,2.14,2.17,2.12,2.14,389980
31-Jan-13,2.18,2.19,2.10,2.13,590105
30-Jan-13,2.28,2.28,2.18,2.19,310163
29-Jan-13,2.23,2.27,2.20,2.25,477599
28-Jan-13,2.36,2.36,2.23,2.25,826935
25-Jan-13,2.34,2.35,2.30,2.35,237443
24-Jan-13,2.33,2.39,2.28,2.31,285452
23-Jan-13,2.39,2.42,2.32,2.36,414021
22-Jan-13,2.35,2.41,2.31,2.39,437881
18-Jan-13,2.39,2.48,2.35,2.38,459392
17-Jan-13,2.46,2.49,2.36,2.38,533668
16-Jan-13,2.51,2.57,2.44,2.46,481336
15-Jan-13,2.55,2.55,2.45,2.50,320448
14-Jan-13,2.45,2.58,2.45,2.55,366300
11-Jan-13,2.50,2.50,2.41,2.45,373279
10-Jan-13,2.56,2.56,2.45,2.49,518853
9-Jan-13,2.56,2.58,2.48,2.57,257013
8-Jan-13,2.70,2.75,2.53,2.56,623651
7-Jan-13,2.65,2.78,2.63,2.68,1399007
4-Jan-13,2.46,2.65,2.39,2.63,928590
3-Jan-13,2.40,2.47,2.36,2.41,487228
2-Jan-13,2.40,2.43,2.32,2.41,755696
31-Dec-12,2.29,2.33,2.28,2.33,465522
28-Dec-12,2.29,2.35,2.27,2.30,501824
27-Dec-12,2.32,2.38,2.28,2.30,390748
26-Dec-12,2.35,2.40,2.28,2.32,483805
24-Dec-12,2.35,2.35,2.29,2.34,352122
21-Dec-12,2.50,2.52,2.32,2.35,1229448
20-Dec-12,2.36,2.41,2.35,2.40,758897
19-Dec-12,2.32,2.36,2.32,2.35,495390
18-Dec-12,2.31,2.32,2.28,2.32,404818
17-Dec-12,2.38,2.39,2.29,2.33,391267
14-Dec-12,2.40,2.44,2.36,2.37,307724
13-Dec-12,2.43,2.44,2.39,2.42,316816
12-Dec-12,2.40,2.47,2.40,2.41,378869
11-Dec-12,2.31,2.40,2.31,2.40,720195
10-Dec-12,2.25,2.31,2.24,2.28,787414
7-Dec-12,2.30,2.32,2.24,2.25,617792
6-Dec-12,2.39,2.42,2.23,2.28,1090262
5-Dec-12,2.46,2.47,2.35,2.38,521030
4-Dec-12,2.57,2.59,2.41,2.45,523726
3-Dec-12,2.60,2.64,2.46,2.55,534755
30-Nov-12,2.58,2.79,2.47,2.59,1368070
29-Nov-12,2.64,2.65,2.54,2.57,730365
28-Nov-12,2.63,2.64,2.52,2.59,388867
27-Nov-12,2.65,2.65,2.55,2.63,542853
26-Nov-12,2.61,2.64,2.55,2.64,542113
23-Nov-12,2.59,2.60,2.51,2.56,325274
21-Nov-12,2.54,2.60,2.49,2.51,563376
20-Nov-12,2.29,2.50,2.27,2.49,753230
19-Nov-12,2.34,2.38,2.26,2.29,568028
16-Nov-12,2.23,2.35,2.23,2.29,1016479
15-Nov-12,2.26,2.34,2.15,2.26,1160382
14-Nov-12,2.43,2.49,2.27,2.30,839224
13-Nov-12,2.80,2.85,2.32,2.46,2561926
12-Nov-12,2.47,2.64,2.17,2.60,2907336
9-Nov-12,2.15,2.30,2.05,2.29,1053968
8-Nov-12,2.23,2.29,2.03,2.13,1091243
7-Nov-12,2.44,2.44,2.27,2.28,858354
6-Nov-12,2.43,2.64,2.40,2.45,1214819
5-Nov-12,2.35,2.52,2.34,2.44,744545
2-Nov-12,2.48,2.50,2.31,2.34,1112649
1-Nov-12,2.58,2.65,2.46,2.47,616800
31-Oct-12,2.76,2.76,2.54,2.58,802571
26-Oct-12,2.75,2.76,2.66,2.72,830467
25-Oct-12,2.89,2.91,2.70,2.74,596953
24-Oct-12,2.80,3.00,2.80,2.88,739730
23-Oct-12,2.91,2.91,2.76,2.80,844442
22-Oct-12,3.08,3.09,2.91,2.93,778403
19-Oct-12,3.20,3.22,3.01,3.12,1044017
18-Oct-12,3.26,3.26,3.21,3.22,330232
17-Oct-12,3.31,3.31,3.22,3.22,614689
16-Oct-12,3.36,3.36,3.27,3.30,620913
15-Oct-12,3.34,3.39,3.30,3.31,612983
12-Oct-12,3.37,3.40,3.26,3.27,457118
11-Oct-12,3.35,3.39,3.32,3.37,584924
10-Oct-12,3.33,3.36,3.29,3.30,1103556
9-Oct-12,3.40,3.42,3.26,3.33,948005
8-Oct-12,3.40,3.42,3.37,3.38,1584652
5-Oct-12,3.26,3.37,3.25,3.34,678572
4-Oct-12,3.19,3.24,3.14,3.23,548360
3-Oct-12,3.33,3.34,3.15,3.18,796959
2-Oct-12,3.40,3.46,3.31,3.33,677601
1-Oct-12,3.49,3.50,3.37,3.39,940091
28-Sep-12,3.50,3.53,3.45,3.50,2614207
27-Sep-12,3.48,3.48,3.36,3.41,1593474
26-Sep-12,3.48,3.49,3.40,3.48,1369709
25-Sep-12,3.48,3.49,3.42,3.47,2085425
24-Sep-12,3.50,3.50,3.45,3.48,1938522
21-Sep-12,3.52,3.52,3.37,3.50,2150874
20-Sep-12,3.41,3.54,3.29,3.48,7176301
19-Sep-12,4.61,4.64,4.45,4.58,232706
18-Sep-12,4.83,4.83,4.57,4.62,346923
17-Sep-12,4.74,4.85,4.58,4.81,810882
14-Sep-12,4.66,4.78,4.59,4.75,942803
13-Sep-12,4.67,4.70,4.53,4.66,352382
12-Sep-12,4.07,4.70,4.00,4.69,1270086
11-Sep-12,4.20,4.20,3.92,4.07,269567
10-Sep-12,4.02,4.08,3.85,3.99,372636
7-Sep-12,4.15,4.15,4.01,4.06,319068
6-Sep-12,4.26,4.26,4.15,4.15,301752
5-Sep-12,4.35,4.37,4.14,4.24,507965
4-Sep-12,4.44,4.47,4.25,4.35,484445
31-Aug-12,4.23,4.53,4.23,4.44,909637
30-Aug-12,4.18,4.23,4.15,4.23,508961
29-Aug-12,4.20,4.21,4.08,4.20,487835
28-Aug-12,4.14,4.23,4.08,4.16,796717
27-Aug-12,4.07,4.20,4.01,4.15,1858224
24-Aug-12,4.02,4.07,3.91,4.04,429109
23-Aug-12,4.15,4.23,4.02,4.03,261830
22-Aug-12,4.04,4.19,4.03,4.19,519976
21-Aug-12,4.15,4.23,4.00,4.09,547349
20-Aug-12,4.47,4.47,4.08,4.14,455778
17-Aug-12,4.24,4.50,4.21,4.48,681888
16-Aug-12,4.32,4.35,4.16,4.24,1654504
15-Aug-12,4.26,4.62,4.25,4.38,1448822
14-Aug-12,4.82,4.90,4.50,4.52,1193884
13-Aug-12,4.66,4.99,4.66,4.91,1179472
10-Aug-12,5.15,5.15,4.46,4.67,1526357
9-Aug-12,5.27,5.27,4.61,4.75,1753854
8-Aug-12,5.00,5.05,4.56,4.60,1213583
7-Aug-12,5.46,5.46,5.08,5.17,819178
6-Aug-12,5.15,5.20,5.08,5.20,802924
3-Aug-12,5.15,5.23,5.07,5.16,951094
2-Aug-12,5.09,5.15,4.94,5.08,1335714
1-Aug-12,5.45,5.50,4.90,5.13,2946023
31-Jul-12,5.62,5.85,5.59,5.71,1514088
30-Jul-12,6.09,6.21,5.70,5.80,2678378
27-Jul-12,6.80,6.96,5.75,6.31,5996579
26-Jul-12,7.50,7.80,7.16,7.64,2940792
25-Jul-12,7.76,7.79,7.00,7.62,2401340
24-Jul-12,8.15,8.15,7.40,7.56,1660952
23-Jul-12,7.40,7.89,7.30,7.70,2578406
20-Jul-12,7.12,7.39,7.07,7.20,782125
19-Jul-12,7.30,7.33,7.05,7.12,480640
18-Jul-12,7.38,7.50,6.95,7.24,1333511
17-Jul-12,7.38,7.60,7.17,7.27,886763
16-Jul-12,7.25,7.50,7.15,7.33,623605
13-Jul-12,7.19,7.50,7.16,7.25,680585
12-Jul-12,7.42,7.59,7.06,7.16,724603
11-Jul-12,7.18,7.45,6.92,7.42,1129734
10-Jul-12,7.69,7.77,7.07,7.21,1458807
9-Jul-12,8.00,8.00,7.18,7.61,1606166
6-Jul-12,8.18,8.35,7.80,7.98,1014162
5-Jul-12,8.03,8.16,7.65,7.89,1585734
3-Jul-12,8.40,8.72,8.07,8.25,2169585
2-Jul-12,7.50,8.45,7.27,8.30,4108093
29-Jun-12,7.25,7.47,7.01,7.13,2183682
28-Jun-12,6.33,6.88,6.18,6.85,1147128
27-Jun-12,6.46,6.68,5.73,6.36,1666664
26-Jun-12,6.28,7.05,6.16,6.39,3465303
25-Jun-12,5.20,6.27,5.20,6.22,2135901
22-Jun-12,5.09,5.50,5.02,5.27,3140289
21-Jun-12,4.75,5.00,4.70,4.99,832116
20-Jun-12,4.73,4.78,4.65,4.75,364269
19-Jun-12,4.82,4.85,4.72,4.75,544355
18-Jun-12,4.75,4.85,4.60,4.74,672762
15-Jun-12,4.56,4.69,4.50,4.67,433725
14-Jun-12,4.49,4.60,4.35,4.59,545411
13-Jun-12,4.25,4.73,4.25,4.52,1659824
12-Jun-12,4.00,4.21,3.94,4.21,759527
11-Jun-12,4.00,4.01,3.92,3.97,420450
8-Jun-12,3.92,4.01,3.90,3.95,200464
7-Jun-12,4.00,4.01,3.92,3.94,174462
6-Jun-12,3.97,4.00,3.92,3.98,111929
5-Jun-12,3.75,3.99,3.74,3.91,172634
4-Jun-12,3.84,3.84,3.68,3.74,224391
1-Jun-12,3.96,3.96,3.80,3.81,227404
31-May-12,3.94,4.08,3.81,4.00,329426
30-May-12,4.07,4.07,3.82,3.89,333377
29-May-12,4.14,4.18,3.98,4.01,607138
25-May-12,4.00,4.04,3.95,4.02,249963
24-May-12,3.78,4.05,3.78,4.00,365909
23-May-12,3.84,3.90,3.75,3.80,139452
22-May-12,3.77,3.89,3.72,3.82,271373
21-May-12,3.73,3.88,3.63,3.73,262962
18-May-12,4.00,4.00,3.70,3.80,202029
17-May-12,3.74,3.95,3.70,3.94,340666
16-May-12,4.04,4.10,3.61,3.68,883816
15-May-12,4.08,4.15,3.95,4.05,743941
14-May-12,4.20,4.27,3.90,4.00,2513492
11-May-12,3.60,3.74,3.53,3.67,230930
10-May-12,3.73,3.73,3.50,3.51,135568
9-May-12,3.60,3.64,3.50,3.50,251953
8-May-12,3.65,3.71,3.60,3.61,174612
7-May-12,3.64,3.71,3.56,3.62,284543
4-May-12,3.87,3.88,3.59,3.61,351312
3-May-12,4.18,4.18,3.86,3.86,272368
2-May-12,4.10,4.20,4.08,4.14,76384
1-May-12,4.14,4.19,4.05,4.11,57923
30-Apr-12,4.14,4.20,4.10,4.20,90883
27-Apr-12,4.09,4.25,4.07,4.16,250220
26-Apr-12,4.25,4.25,4.05,4.11,321347
25-Apr-12,4.26,4.30,4.11,4.23,292029
24-Apr-12,3.89,4.18,3.89,4.05,286964
23-Apr-12,3.81,3.95,3.77,3.91,111454
20-Apr-12,3.76,3.85,3.75,3.84,54862
19-Apr-12,3.70,3.81,3.70,3.72,53367
18-Apr-12,3.78,3.78,3.70,3.70,49055
17-Apr-12,3.75,3.90,3.67,3.79,124503
16-Apr-12,3.73,3.94,3.66,3.80,204537
13-Apr-12,3.63,3.72,3.60,3.66,79881
12-Apr-12,3.59,3.75,3.56,3.74,60099
11-Apr-12,3.56,3.74,3.54,3.54,123504
10-Apr-12,3.82,3.84,3.51,3.55,187181
9-Apr-12,4.00,4.00,3.57,3.84,344783
5-Apr-12,4.19,4.23,4.00,4.10,213132
4-Apr-12,4.30,4.39,4.15,4.24,223424
3-Apr-12,4.11,4.35,4.05,4.30,309577
2-Apr-12,4.26,4.34,4.01,4.09,482911
30-Mar-12,3.70,4.21,3.70,4.14,815122
29-Mar-12,3.80,3.85,3.65,3.69,292661
28-Mar-12,3.64,3.68,3.51,3.54,164406
27-Mar-12,3.70,3.74,3.64,3.66,52589
26-Mar-12,3.75,3.82,3.65,3.70,73570
23-Mar-12,3.71,3.85,3.61,3.82,127874
22-Mar-12,3.70,3.78,3.61,3.70,42957
21-Mar-12,3.80,3.88,3.65,3.73,242864
20-Mar-12,3.87,3.87,3.79,3.79,37515
19-Mar-12,3.86,3.95,3.80,3.90,52734
16-Mar-12,3.60,4.10,3.57,3.85,194874
15-Mar-12,3.45,3.65,3.38,3.62,85368
14-Mar-12,3.49,3.65,3.47,3.51,62437
13-Mar-12,3.59,3.59,3.43,3.49,70874
12-Mar-12,3.56,3.75,3.48,3.62,95517
9-Mar-12,3.44,3.63,3.39,3.50,89745
8-Mar-12,3.47,3.60,3.36,3.45,76319
7-Mar-12,3.40,3.55,3.32,3.45,93478
6-Mar-12,3.40,3.40,3.26,3.33,39612
5-Mar-12,3.45,3.45,3.35,3.40,28733
2-Mar-12,3.59,3.59,3.43,3.44,18279
1-Mar-12,3.53,3.60,3.36,3.57,24687
29-Feb-12,3.53,3.63,3.42,3.45,29937
28-Feb-12,3.60,3.65,3.50,3.59,33150
27-Feb-12,3.49,3.60,3.40,3.58,36087
24-Feb-12,3.45,3.55,3.35,3.50,38346
23-Feb-12,3.20,3.72,3.05,3.48,172075
22-Feb-12,3.31,3.31,3.06,3.13,29284
21-Feb-12,3.38,3.58,3.20,3.32,33771
17-Feb-12,3.65,3.76,3.27,3.36,142611
16-Feb-12,3.80,3.86,3.65,3.72,69559
15-Feb-12,3.80,4.08,3.78,3.80,33310
14-Feb-12,4.00,4.11,3.76,3.77,26979
13-Feb-12,4.07,4.22,3.90,4.00,37606
10-Feb-12,4.07,4.51,3.97,4.20,79359
9-Feb-12,3.95,4.20,3.90,4.11,69447
8-Feb-12,3.93,4.12,3.93,4.02,24003
7-Feb-12,4.00,4.02,3.84,4.00,6083
6-Feb-12,3.75,4.06,3.75,3.95,22324
3-Feb-12,3.75,4.09,3.67,4.07,34774
2-Feb-12,3.76,3.87,3.68,3.71,11044
1-Feb-12,3.87,3.90,3.65,3.81,35028
31-Jan-12,3.94,4.10,3.92,3.97,27814
30-Jan-12,3.71,4.00,3.71,3.91,64357
27-Jan-12,3.69,3.86,3.64,3.74,25842
26-Jan-12,3.87,3.98,3.64,3.64,41560
25-Jan-12,3.84,3.99,3.65,3.85,7666
24-Jan-12,3.99,3.99,3.67,3.84,28994
23-Jan-12,4.49,4.49,3.80,4.00,36018
20-Jan-12,3.50,3.99,3.49,3.98,65036
19-Jan-12,3.15,3.39,3.15,3.29,70575
18-Jan-12,3.30,3.45,3.05,3.07,66618
17-Jan-12,3.66,3.66,3.14,3.35,43806
13-Jan-12,3.52,3.65,3.50,3.55,10298
12-Jan-12,3.68,3.68,3.47,3.62,7185
11-Jan-12,3.70,3.70,3.57,3.65,30321
10-Jan-12,4.00,4.00,3.63,3.70,26280
9-Jan-12,4.10,4.96,3.89,3.98,26486
6-Jan-12,3.81,4.06,3.81,4.00,2100
5-Jan-12,3.97,4.20,3.90,4.04,7285
4-Jan-12,4.25,4.25,3.90,3.96,3092
3-Jan-12,4.07,4.37,4.05,4.20,45532
30-Dec-11,4.20,4.20,3.86,4.00,30192
29-Dec-11,4.20,4.21,4.06,4.19,7090
28-Dec-11,4.27,4.36,4.20,4.22,10045
27-Dec-11,4.50,4.50,4.40,4.50,9923
23-Dec-11,4.50,4.50,4.47,4.50,6870
22-Dec-11,4.50,5.24,4.37,4.50,32176
21-Dec-11,5.00,5.00,4.53,4.62,18471
20-Dec-11,4.50,5.26,4.40,5.25,56959
19-Dec-11,4.75,4.76,4.44,4.45,23046
16-Dec-11,4.75,4.78,4.62,4.75,87681
15-Dec-11,4.75,4.89,4.71,4.75,30097
14-Dec-11,4.61,4.86,4.55,4.75,29610
13-Dec-11,4.75,4.83,4.60,4.61,19162
12-Dec-11,4.92,4.94,4.71,4.75,15490
9-Dec-11,5.00,5.09,4.96,5.00,10824
8-Dec-11,5.18,5.18,4.95,4.96,28058
7-Dec-11,5.00,5.03,4.95,4.96,17218
6-Dec-11,5.00,5.19,4.95,4.96,10243
5-Dec-11,5.00,5.40,4.99,5.00,45064
2-Dec-11,5.00,5.27,4.99,5.06,35636
1-Dec-11,5.00,5.14,4.61,5.05,26369
30-Nov-11,6.00,6.60,4.99,5.21,56636
29-Nov-11,6.21,7.15,5.94,5.97,24679
28-Nov-11,6.82,6.85,5.81,6.13,27638
25-Nov-11,7.25,7.27,6.58,6.81,5847
23-Nov-11,7.06,7.51,7.00,7.13,12252
22-Nov-11,7.20,7.32,7.02,7.02,1711
21-Nov-11,7.40,7.61,7.20,7.60,11847
18-Nov-11,7.90,8.02,7.35,7.60,31016
17-Nov-11,7.90,7.98,7.90,7.93,3457
16-Nov-11,8.20,8.20,7.97,7.97,3047
15-Nov-11,8.07,8.15,7.98,8.15,4571
14-Nov-11,8.19,8.19,7.85,8.07,6168
11-Nov-11,7.70,8.24,7.70,8.24,7823
10-Nov-11,7.71,7.91,7.33,7.91,4648
9-Nov-11,8.68,8.68,7.53,7.60,16374
8-Nov-11,7.95,8.98,7.95,8.91,4259
7-Nov-11,8.34,8.67,6.81,8.53,13989
4-Nov-11,8.75,8.80,8.60,8.80,3903
3-Nov-11,8.71,8.80,8.54,8.80,13169
2-Nov-11,8.34,8.70,8.34,8.67,10551
1-Nov-11,8.67,8.68,8.23,8.38,8130
31-Oct-11,8.80,8.99,7.62,8.99,36724
28-Oct-11,8.65,8.91,8.25,8.80,11200
27-Oct-11,8.00,8.68,7.25,8.68,24389
26-Oct-11,7.55,7.75,7.36,7.75,14950
25-Oct-11,7.58,7.60,7.11,7.53,17715
24-Oct-11,7.25,7.75,7.00,7.60,41323
21-Oct-11,6.09,7.48,6.09,7.25,18937
20-Oct-11,5.78,5.99,5.51,5.94,4029
19-Oct-11,5.27,5.97,5.19,5.60,26207
18-Oct-11,5.39,5.48,5.00,5.24,21238
17-Oct-11,5.61,5.70,4.60,5.01,31387
14-Oct-11,5.36,5.88,4.97,5.48,9805
13-Oct-11,4.81,5.36,4.80,5.33,10315
12-Oct-11,4.90,5.07,4.63,4.83,40935
11-Oct-11,5.08,5.25,4.53,4.77,21901
10-Oct-11,5.31,5.31,4.82,5.20,23986
7-Oct-11,5.69,5.69,5.01,5.20,11891
6-Oct-11,5.60,5.65,5.09,5.49,22637
5-Oct-11,5.77,5.77,5.08,5.60,14534
4-Oct-11,5.70,6.42,5.70,5.74,92273
3-Oct-11,6.96,7.50,5.59,6.07,82651
30-Sep-11,7.24,8.12,6.99,6.99,269523
29-Sep-11,7.90,7.99,6.85,7.48,23717
28-Sep-11,8.16,8.16,7.87,7.91,3400
27-Sep-11,8.36,8.36,7.84,8.20,2634
26-Sep-11,8.06,8.25,7.75,8.25,5840
23-Sep-11,7.88,8.09,7.75,8.09,1835
22-Sep-11,7.89,8.25,7.72,7.90,11300
21-Sep-11,7.86,8.20,7.83,8.02,9600
20-Sep-11,8.07,8.18,7.86,8.02,12582
19-Sep-11,7.69,8.12,7.63,8.10,4380
16-Sep-11,8.64,8.64,7.67,7.71,14742
15-Sep-11,8.00,8.25,8.00,8.25,2027
14-Sep-11,8.02,8.15,7.99,8.12,3000
13-Sep-11,7.86,8.51,7.85,8.19,6100
12-Sep-11,7.97,8.25,7.72,7.90,10700
9-Sep-11,8.35,8.74,8.00,8.26,32050
8-Sep-11,8.12,8.75,8.12,8.74,14461
7-Sep-11,8.35,8.56,8.15,8.15,3699
6-Sep-11,8.08,8.75,8.00,8.01,9640
2-Sep-11,8.01,8.51,8.01,8.30,7000
1-Sep-11,8.00,8.60,8.00,8.13,12297
31-Aug-11,8.00,8.13,8.00,8.00,5530
30-Aug-11,8.10,8.30,8.00,8.00,3500
29-Aug-11,8.15,8.35,7.51,7.97,24439
26-Aug-11,8.26,8.27,8.00,8.10,7864
25-Aug-11,8.68,8.68,8.32,8.38,12999
24-Aug-11,8.55,8.55,8.24,8.48,3269
23-Aug-11,7.85,8.48,7.85,8.23,28568
22-Aug-11,8.01,8.05,7.62,7.91,12110
19-Aug-11,8.46,8.73,7.81,7.98,74547
18-Aug-11,8.32,8.58,8.17,8.52,8752
17-Aug-11,8.40,8.56,8.40,8.51,3312
16-Aug-11,8.49,8.59,8.21,8.37,3798
15-Aug-11,8.16,8.60,8.14,8.60,20090
12-Aug-11,8.20,8.29,8.15,8.16,3324
11-Aug-11,8.35,8.45,8.20,8.28,6400
10-Aug-11,8.59,8.59,8.35,8.35,4300
9-Aug-11,8.75,8.75,8.30,8.43,24705
8-Aug-11,8.90,8.95,8.75,8.80,26802
5-Aug-11,9.00,9.05,8.95,8.95,229940
4-Aug-11,9.00,9.01,9.00,9.00,41595
3-Aug-11,9.00,9.02,9.00,9.00,19683
2-Aug-11,9.05,9.02,9.00,9.00,206047
1-Aug-11,9.04,9.05,9.00,9.05,42661
29-Jul-11,9.01,9.10,9.00,9.04,114097
28-Jul-11,9.00,9.20,9.00,9.15,564393
