"Date","Price","Open","High","Low","Vol.","Change %"
"Oct 23, 2014","82.09","80.42","82.37","80.05","354.84K","1.95"
"Oct 22, 2014","80.52","82.55","83.15","80.22","352.22K","-2.77"
"Oct 21, 2014","82.81","82.76","84.05","82.29","23.44K","0.12"
"Oct 20, 2014","82.71","83.13","83.48","81.55","83.70K","-0.05"
"Oct 17, 2014","82.75","83.18","84.45","82.44","174.14K","0.06"
"Oct 16, 2014","82.70","81.06","84.83","79.78","424.52K","1.12"
"Oct 15, 2014","81.78","82.32","82.45","80.01","487.72K","-0.07"
"Oct 14, 2014","81.84","84.98","85.60","81.32","475.83K","-4.55"
"Oct 13, 2014","85.74","85.20","85.87","84.07","292.35K","-0.09"
"Oct 10, 2014","85.82","84.39","86.29","83.59","396.53K","0.06"
"Oct 09, 2014","85.77","87.73","87.95","84.06","345.02K","-1.76"
"Oct 08, 2014","87.31","88.43","88.63","86.83","373.75K","-1.73"
"Oct 07, 2014","88.85","90.45","90.57","88.38","300.11K","-1.65"
"Oct 06, 2014","90.34","89.77","90.74","88.76","276.61K","0.67"
"Oct 03, 2014","89.74","91.38","91.79","89.36","342.80K","-1.40"
"Oct 02, 2014","91.01","90.74","91.54","88.18","449.55K","0.31"
"Oct 01, 2014","90.73","91.36","92.96","90.47","389.25K","-0.47"
"Sep 30, 2014","91.16","94.34","94.90","90.86","429.25K","-3.61"
"Sep 29, 2014","94.57","93.35","94.64","92.74","261.25K","1.10"
"Sep 26, 2014","93.54","92.47","93.86","92.23","258.89K","1.09"
"Sep 25, 2014","92.53","92.89","93.54","92.05","248.85K","-0.29"
"Sep 24, 2014","92.80","91.72","93.29","91.12","282.63K","1.35"
"Sep 23, 2014","91.56","90.70","92.09","90.58","247.77K","0.04"
"Sep 22, 2014","91.52","92.22","92.64","91.20","23.94K","-0.96"
"Sep 19, 2014","92.41","92.97","93.22","91.85","92.78K","-0.71"
"Sep 18, 2014","93.07","93.97","94.82","92.85","170.77K","-1.43"
"Sep 17, 2014","94.42","94.71","95.06","93.74","305.83K","-0.48"
"Sep 16, 2014","94.88","92.81","95.19","92.46","294.72K","2.11"
"Sep 15, 2014","92.92","92.13","93.03","90.63","260.51K","0.70"
"Sep 12, 2014","92.27","93.05","93.67","91.96","297.77K","-0.60"
"Sep 11, 2014","92.83","91.71","93.44","90.43","403.18K","1.27"
"Sep 10, 2014","91.67","92.79","93.03","91.22","295.31K","-1.16"
"Sep 09, 2014","92.75","93.11","93.94","92.52","275.88K","0.10"
"Sep 08, 2014","92.66","93.49","93.62","91.80","277.99K","-0.68"
"Sep 05, 2014","93.29","94.57","94.99","92.86","261.39K","-1.23"
"Sep 04, 2014","94.45","95.07","95.39","94.16","254.14K","-1.14"
"Sep 03, 2014","95.54","93.28","95.83","93.06","294.40K","2.86"
"Sep 02, 2014","92.88","95.81","95.91","92.68","320.36K","-3.08"
"Sep 01, 2014","95.83","95.76","95.90","95.51","0","-0.14"
"Aug 29, 2014","95.96","94.56","96.00","94.48","234.97K","1.49"
"Aug 28, 2014","94.55","93.75","94.71","93.45","262.29K","0.71"
"Aug 27, 2014","93.88","93.88","94.24","93.36","174.91K","0.02"
"Aug 26, 2014","93.86","93.36","94.35","93.35","176.28K","0.55"
"Aug 25, 2014","93.35","93.34","93.95","93.05","137.42K","-0.32"
"Aug 22, 2014","93.65","93.89","94.04","92.92","191.46K","-0.33"
"Aug 21, 2014","93.96","93.49","94.45","92.50","226.34K","-2.20"
"Aug 20, 2014","96.07","94.70","96.47","94.70","22.89K","1.68"
"Aug 19, 2014","94.48","96.56","97.05","94.26","109.04K","-2.00"
"Aug 18, 2014","96.41","97.10","97.16","95.81","157.54K","-0.97"
"Aug 15, 2014","97.35","95.50","97.41","95.32","269.75K","1.85"
"Aug 14, 2014","95.58","97.30","97.59","95.26","350.62K","-2.06"
"Aug 13, 2014","97.59","97.20","97.78","96.75","253.70K","0.23"
"Aug 12, 2014","97.37","97.84","97.94","96.81","242.59K","-0.72"
"Aug 11, 2014","98.08","97.54","98.58","97.37","241.49K","0.44"
"Aug 08, 2014","97.65","97.64","98.45","97.15","266.01K","0.32"
"Aug 07, 2014","97.34","96.89","97.72","96.55","286.53K","0.43"
"Aug 06, 2014","96.92","97.62","98.13","96.69","263.60K","-0.47"
"Aug 05, 2014","97.38","98.41","98.67","97.00","242.24K","-0.93"
"Aug 04, 2014","98.29","97.67","98.67","97.43","204.26K","0.42"
"Aug 01, 2014","97.88","97.70","98.10","97.09","274.99K","-0.30"
"Jul 31, 2014","98.17","99.47","99.85","97.60","335.79K","-2.09"
"Jul 30, 2014","100.27","101.03","101.67","99.42","263.97K","-0.69"
"Jul 29, 2014","100.97","101.60","101.83","100.37","258.06K","-0.69"
"Jul 28, 2014","101.67","101.87","102.10","100.90","197.82K","-0.41"
"Jul 25, 2014","102.09","102.04","102.53","101.00","284.92K","0.02"
"Jul 24, 2014","102.07","103.20","103.31","101.88","194.40K","-1.02"
"Jul 23, 2014","103.12","101.96","103.34","101.79","260.65K","-1.24"
"Jul 22, 2014","104.42","104.58","105.25","103.89","43.19K","-0.16"
"Jul 21, 2014","104.59","102.97","104.99","102.65","126.99K","1.42"
"Jul 18, 2014","103.13","103.72","103.94","102.58","172.53K","-0.06"
"Jul 17, 2014","103.19","101.49","103.90","101.27","342.87K","1.97"
"Jul 16, 2014","101.20","100.21","101.60","100.07","240.20K","1.24"
"Jul 15, 2014","99.96","100.93","101.06","99.01","331.20K","-0.94"
"Jul 14, 2014","100.91","100.46","101.20","100.22","252.68K","0.08"
"Jul 11, 2014","100.83","102.86","102.92","100.44","272.55K","-2.04"
"Jul 10, 2014","102.93","101.95","103.00","101.55","238.08K","0.63"
"Jul 09, 2014","102.29","103.45","103.60","101.85","250.99K","-1.07"
"Jul 08, 2014","103.40","103.39","104.20","103.01","249.38K","-0.13"
"Jul 07, 2014","103.53","104.06","104.09","103.19","189.25K","-0.22"
"Jul 04, 2014","103.76","104.11","104.13","103.64","0","-0.29"
"Jul 03, 2014","104.06","104.27","104.29","103.67","169.94K","-0.40"
"Jul 02, 2014","104.48","105.21","105.53","104.10","240.07K","-0.82"
"Jul 01, 2014","105.34","105.44","106.09","104.60","221.69K","-0.03"
"Jun 30, 2014","105.37","105.69","105.76","104.66","215.33K","-0.35"
"Jun 27, 2014","105.74","105.64","106.19","105.33","128.98K","-0.09"
"Jun 26, 2014","105.84","106.71","106.81","105.03","195.72K","-0.62"
"Jun 25, 2014","106.50","106.14","107.50","105.47","249.06K","0.44"
"Jun 24, 2014","106.03","106.02","106.46","105.25","175.21K","-0.13"
"Jun 23, 2014","106.17","107.42","107.45","105.91","175.47K","-1.02"
"Jun 20, 2014","107.26","106.60","107.73","106.33","31.67K","0.78"
"Jun 19, 2014","106.43","106.11","106.70","105.32","123.12K","0.43"
"Jun 18, 2014","105.97","106.60","106.97","105.80","176.26K","-0.37"
"Jun 17, 2014","106.36","106.59","107.18","106.01","252.97K","-0.51"
"Jun 16, 2014","106.90","106.88","107.54","106.57","204.79K","-0.01"
"Jun 13, 2014","106.91","106.84","107.68","106.37","255.39K","0.36"
"Jun 12, 2014","106.53","104.47","106.95","104.35","321.50K","2.04"
"Jun 11, 2014","104.40","104.30","104.81","104.17","187.73K","0.05"
"Jun 10, 2014","104.35","104.46","105.06","103.98","255.60K","-0.06"
"Jun 09, 2014","104.41","102.78","104.57","102.62","246.72K","1.70"
"Jun 06, 2014","102.66","102.44","103.07","102.30","197.76K","0.18"
"Jun 05, 2014","102.48","102.37","102.69","101.60","200.40K","-0.16"
"Jun 04, 2014","102.64","102.79","103.69","102.34","208.54K","-0.02"
"Jun 03, 2014","102.66","102.44","102.86","102.23","160.21K","0.19"
"Jun 02, 2014","102.47","102.92","103.35","102.10","159.04K","-0.23"
"May 30, 2014","102.71","103.51","103.56","102.40","169.73K","-0.84"
"May 29, 2014","103.58","103.06","103.94","102.61","205.51K","0.84"
"May 28, 2014","102.72","104.14","104.39","102.64","239.13K","-1.34"
"May 27, 2014","104.11","104.34","104.50","103.57","174.39K","-0.16"
"May 26, 2014","104.28","104.20","104.38","103.93","0","-0.07"
"May 23, 2014","104.35","103.71","104.50","103.64","160.56K","0.59"
"May 22, 2014","103.74","103.85","104.22","103.55","159.18K","-0.32"
"May 21, 2014","104.07","102.96","104.29","102.78","272.13K","1.59"
"May 20, 2014","102.44","102.60","102.86","102.10","48.32K","-0.17"
"May 19, 2014","102.61","102.13","103.09","101.97","121.11K","0.58"
"May 16, 2014","102.02","101.56","102.23","101.39","147.90K","0.51"
"May 15, 2014","101.50","102.03","102.26","101.27","276.06K","-0.85"
"May 14, 2014","102.37","101.91","102.65","101.83","234.48K","0.66"
"May 13, 2014","101.70","100.63","102.05","100.36","253.59K","1.10"
"May 12, 2014","100.59","100.12","100.93","99.93","211.65K","0.60"
"May 09, 2014","99.99","100.27","101.18","99.71","271.34K","-0.27"
"May 08, 2014","100.26","100.82","100.93","99.87","252.61K","-0.51"
"May 07, 2014","100.77","99.83","100.99","99.78","291.27K","1.28"
"May 06, 2014","99.50","99.38","100.42","99.32","251.21K","0.02"
"May 05, 2014","99.48","99.96","100.44","98.91","190.00K","-0.28"
"May 02, 2014","99.76","99.17","100.14","99.17","213.63K","0.34"
"May 01, 2014","99.42","99.72","99.89","98.74","235.46K","-0.32"
"Apr 30, 2014","99.74","100.76","100.76","99.35","282.98K","-1.52"
"Apr 29, 2014","101.28","100.89","102.20","100.71","218.69K","0.44"
"Apr 28, 2014","100.84","100.49","101.52","100.33","231.59K","0.24"
"Apr 25, 2014","100.60","101.93","102.05","100.48","221.60K","-1.31"
"Apr 24, 2014","101.94","101.54","102.35","101.40","202.28K","0.49"
"Apr 23, 2014","101.44","101.86","102.08","101.20","250.65K","-0.68"
"Apr 22, 2014","102.13","104.36","104.36","101.69","46.49K","-2.15"
"Apr 21, 2014","104.37","104.54","104.77","103.85","115.10K","0.07"
"Apr 17, 2014","104.30","103.84","104.78","103.54","191.34K","0.52"
"Apr 16, 2014","103.76","103.76","104.99","103.12","279.39K","0.01"
"Apr 15, 2014","103.75","103.60","104.05","102.91","215.85K","-0.29"
"Apr 14, 2014","104.05","103.56","104.55","103.34","237.21K","0.30"
"Apr 11, 2014","103.74","103.34","104.44","103.01","261.92K","0.33"
"Apr 10, 2014","103.40","103.44","103.81","103.10","222.17K","-0.19"
"Apr 09, 2014","103.60","102.35","103.77","102.03","324.66K","1.01"
"Apr 08, 2014","102.56","100.69","102.71","100.68","299.55K","2.11"
"Apr 07, 2014","100.44","100.91","101.32","99.92","254.88K","-0.69"
"Apr 04, 2014","101.14","100.38","101.63","100.28","193.53K","0.85"
"Apr 03, 2014","100.29","99.29","100.49","99.07","195.43K","0.67"
"Apr 02, 2014","99.62","99.64","99.83","98.86","231.60K","-0.12"
"Apr 01, 2014","99.74","101.53","101.57","99.28","237.56K","-1.81"
"Mar 31, 2014","101.58","101.69","101.97","100.88","167.57K","-0.09"
"Mar 28, 2014","101.67","101.34","102.24","101.18","166.33K","0.39"
"Mar 27, 2014","101.28","100.30","101.70","100.03","202.20K","1.02"
"Mar 26, 2014","100.26","99.18","100.46","99.10","211.37K","1.08"
"Mar 25, 2014","99.19","99.43","100.25","98.80","217.01K","-0.41"
"Mar 24, 2014","99.60","99.49","100.29","99.05","151.71K","0.14"
"Mar 21, 2014","99.46","98.59","100.25","98.25","191.29K","0.03"
"Mar 20, 2014","99.43","100.39","100.82","99.08","33.88K","-0.94"
"Mar 19, 2014","100.37","99.53","100.47","99.34","110.32K","0.67"
"Mar 18, 2014","99.70","97.97","99.78","97.75","192.51K","1.65"
"Mar 17, 2014","98.08","99.39","99.39","97.37","227.39K","-0.82"
"Mar 14, 2014","98.89","98.25","99.28","98.06","226.30K","0.70"
"Mar 13, 2014","98.20","98.10","98.60","97.67","268.07K","0.21"
"Mar 12, 2014","97.99","99.48","99.60","97.55","416.93K","-2.04"
"Mar 11, 2014","100.03","100.94","101.52","99.32","294.20K","-1.08"
"Mar 10, 2014","101.12","102.75","102.82","100.85","225.29K","-1.42"
"Mar 07, 2014","102.58","101.97","102.91","101.57","226.15K","1.00"
"Mar 06, 2014","101.56","101.04","102.08","100.13","291.85K","0.11"
"Mar 05, 2014","101.45","103.35","103.53","100.85","267.84K","-1.82"
"Mar 04, 2014","103.33","104.89","104.96","102.85","210.01K","-1.52"
"Mar 03, 2014","104.92","103.00","105.22","102.95","295.82K","2.27"
"Feb 28, 2014","102.59","102.15","102.96","101.80","178.28K","0.19"
"Feb 27, 2014","102.40","102.57","103.08","101.75","196.49K","-0.19"
"Feb 26, 2014","102.59","102.04","102.90","101.58","196.52K","0.75"
"Feb 25, 2014","101.83","102.80","102.84","101.02","187.22K","-0.96"
"Feb 24, 2014","102.82","102.29","103.45","101.97","177.86K","0.61"
"Feb 21, 2014","102.20","102.87","102.92","101.69","173.26K","-0.70"
"Feb 20, 2014","102.92","103.41","103.50","102.75","36.26K","-0.38"
"Feb 19, 2014","103.31","103.14","103.80","102.40","116.16K","0.86"
"Feb 18, 2014","102.43","100.32","103.25","100.23","177.37K","1.83"
"Feb 17, 2014","100.58","100.59","100.83","100.23","0","0.28"
"Feb 14, 2014","100.30","100.34","100.47","99.43","229.78K","-0.05"
"Feb 13, 2014","100.35","100.27","100.66","99.40","221.72K","-0.02"
"Feb 12, 2014","100.37","100.46","101.38","100.04","318.69K","0.43"
"Feb 11, 2014","99.94","99.97","100.60","99.60","233.93K","-0.12"
"Feb 10, 2014","100.06","100.05","100.55","99.11","251.13K","0.18"
"Feb 07, 2014","99.88","97.97","100.24","97.11","270.41K","2.09"
"Feb 06, 2014","97.84","97.25","98.83","97.25","234.28K","0.47"
"Feb 05, 2014","97.38","97.67","98.26","96.80","237.67K","0.20"
"Feb 04, 2014","97.19","96.53","97.82","96.37","204.28K","0.79"
"Feb 03, 2014","96.43","97.40","97.94","96.26","293.31K","-1.09"
"Jan 31, 2014","97.49","97.97","98.39","97.10","253.46K","-0.75"
"Jan 30, 2014","98.23","97.42","98.59","97.33","199.42K","0.89"
"Jan 29, 2014","97.36","97.17","97.75","96.32","200.49K","-0.05"
"Jan 28, 2014","97.41","95.66","97.66","95.63","206.49K","1.77"
"Jan 27, 2014","95.72","96.90","97.18","95.21","235.11K","-0.95"
"Jan 24, 2014","96.64","97.37","97.80","96.25","239.67K","-0.70"
"Jan 23, 2014","97.32","96.69","97.84","96.41","274.08K","0.61"
"Jan 22, 2014","96.73","95.20","96.89","95.12","252.35K","1.83"
"Jan 21, 2014","94.99","94.00","95.23","93.43","35.63K","1.12"
"Jan 20, 2014","93.93","94.31","94.31","93.66","0","-0.46"
"Jan 17, 2014","94.37","94.17","94.94","93.94","119.89K","0.44"
"Jan 16, 2014","93.96","94.29","94.64","93.60","165.14K","-0.22"
"Jan 15, 2014","94.17","92.65","94.64","92.43","263.30K","1.71"
"Jan 14, 2014","92.59","91.51","92.88","91.50","243.47K","0.86"
"Jan 13, 2014","91.80","92.83","92.88","91.43","212.21K","-0.99"
"Jan 10, 2014","92.72","92.30","93.38","91.99","255.99K","1.16"
"Jan 09, 2014","91.66","92.58","92.93","91.24","255.78K","-0.73"
"Jan 08, 2014","92.33","93.96","94.18","92.26","244.86K","-1.43"
"Jan 07, 2014","93.67","93.60","94.22","93.35","177.18K","0.26"
"Jan 06, 2014","93.43","94.18","94.59","93.20","189.38K","-0.56"
"Jan 03, 2014","93.96","95.47","95.74","93.86","215.52K","-1.55"
"Jan 02, 2014","95.44","98.50","98.97","95.34","251.25K","-3.30"
"Jan 01, 2014","98.70","98.61","98.76","98.54","0","0.28"
"Dec 31, 2013","98.42","99.25","99.39","98.15","113.91K","-0.88"
"Dec 30, 2013","99.29","100.15","100.42","99.13","118.36K","-1.03"
"Dec 27, 2013","100.32","99.63","100.75","99.37","127.20K","0.77"
"Dec 26, 2013","99.55","99.20","99.70","99.05","65.67K","0.33"
"Dec 24, 2013","99.22","98.62","99.30","98.53","51.88K","0.31"
"Dec 23, 2013","98.91","99.20","99.31","98.64","107.27K","-0.41"
"Dec 20, 2013","99.32","98.70","99.40","98.54","151.28K","0.56"
"Dec 19, 2013","98.77","97.69","99.17","97.50","23.58K","0.99"
"Dec 18, 2013","97.80","97.30","98.01","97.02","84.63K","0.60"
"Dec 17, 2013","97.22","97.30","97.90","97.00","120.13K","-0.27"
"Dec 16, 2013","97.48","96.55","97.69","96.21","187.59K","0.91"
"Dec 13, 2013","96.60","97.58","97.62","96.26","233.16K","-0.92"
"Dec 12, 2013","97.50","97.55","98.18","97.31","205.75K","0.06"
"Dec 11, 2013","97.44","98.65","98.75","97.20","274.19K","-1.09"
"Dec 10, 2013","98.51","97.25","98.74","97.24","264.84K","1.20"
"Dec 09, 2013","97.34","97.66","97.97","97.10","210.09K","-0.32"
"Dec 06, 2013","97.65","97.38","98.07","97.08","223.94K","0.28"
"Dec 05, 2013","97.38","97.33","97.99","97.01","216.39K","0.19"
"Dec 04, 2013","97.20","96.90","97.58","96.30","325.86K","1.21"
"Dec 03, 2013","96.04","93.86","96.96","93.67","319.27K","2.37"
"Dec 02, 2013","93.82","92.71","94.08","92.56","234.80K","1.19"
"Nov 29, 2013","92.72","92.33","93.90","92.06","143.21K","0.48"
"Nov 28, 2013","92.28","92.19","92.36","92.08","0","-0.03"
"Nov 27, 2013","92.30","93.50","93.60","91.77","230.88K","-1.47"
"Nov 26, 2013","93.68","94.21","94.69","93.43","160.18K","-0.44"
"Nov 25, 2013","94.09","94.15","94.50","93.08","270.86K","-0.79"
"Nov 22, 2013","94.84","95.29","95.57","94.05","257.84K","-0.63"
"Nov 21, 2013","95.44","93.73","95.63","93.47","222.14K","2.26"
"Nov 20, 2013","93.33","93.33","93.93","92.73","27.44K","-0.01"
"Nov 19, 2013","93.34","93.00","93.46","92.43","131.46K","0.33"
"Nov 18, 2013","93.03","93.78","94.30","92.72","169.44K","-0.86"
"Nov 15, 2013","93.84","93.89","94.55","93.58","204.37K","0.09"
"Nov 14, 2013","93.76","93.50","94.43","92.51","315.07K","-0.13"
"Nov 13, 2013","93.88","93.07","94.54","92.93","305.01K","0.90"
"Nov 12, 2013","93.04","95.00","95.22","92.86","353.69K","-2.21"
"Nov 11, 2013","95.14","94.45","95.38","94.11","206.72K","0.57"
"Nov 08, 2013","94.60","94.36","94.92","93.90","241.69K","0.42"
"Nov 07, 2013","94.20","94.91","95.31","93.80","260.60K","-0.63"
"Nov 06, 2013","94.80","93.74","95.40","93.65","282.72K","1.53"
"Nov 05, 2013","93.37","94.47","94.90","93.07","226.45K","-1.32"
"Nov 04, 2013","94.62","94.52","95.11","94.06","219.11K","0.01"
"Nov 01, 2013","94.61","96.32","96.65","94.36","282.14K","-1.84"
"Oct 31, 2013","96.38","96.62","97.03","96.03","255.40K","-0.40"
"Oct 30, 2013","96.77","97.77","97.82","96.55","268.14K","-1.46"
"Oct 29, 2013","98.20","98.54","98.57","97.69","183.24K","-0.49"
"Oct 28, 2013","98.68","97.88","98.82","97.37","230.16K","0.85"
"Oct 25, 2013","97.85","97.19","98.06","96.99","192.63K","0.76"
"Oct 24, 2013","97.11","97.10","97.69","95.95","248.74K","0.26"
"Oct 23, 2013","96.86","98.12","98.29","96.16","356.19K","-0.96"
"Oct 22, 2013","97.80","99.06","99.77","97.50","30.73K","-1.43"
"Oct 21, 2013","99.22","100.63","100.95","98.98","90.82K","-1.58"
"Oct 18, 2013","100.81","100.72","101.71","100.51","116.68K","0.14"
"Oct 17, 2013","100.67","102.13","102.32","100.03","266.63K","-1.58"
"Oct 16, 2013","102.29","100.88","102.97","100.75","235.24K","1.07"
"Oct 15, 2013","101.21","102.19","102.46","100.87","240.22K","-1.17"
"Oct 14, 2013","102.41","101.37","102.62","101.06","170.67K","0.38"
"Oct 11, 2013","102.02","102.94","102.95","100.60","298.22K","-0.96"
"Oct 10, 2013","103.01","101.46","103.57","101.16","296.86K","1.38"
"Oct 09, 2013","101.61","103.49","103.75","101.18","283.13K","-1.82"
"Oct 08, 2013","103.49","103.16","104.08","102.85","194.20K","0.45"
"Oct 07, 2013","103.03","103.45","103.74","101.86","269.03K","-0.78"
"Oct 04, 2013","103.84","102.92","104.19","102.90","165.20K","0.51"
"Oct 03, 2013","103.31","103.82","104.38","102.87","226.23K","-0.76"
"Oct 02, 2013","104.10","101.62","104.23","101.43","300.53K","2.02"
"Oct 01, 2013","102.04","102.31","102.58","101.06","223.03K","-0.28"
"Sep 30, 2013","102.33","102.46","102.76","101.05","226.71K","-0.52"
"Sep 27, 2013","102.87","102.91","103.77","102.36","232.30K","-0.16"
"Sep 26, 2013","103.03","102.30","103.29","102.20","183.78K","0.36"
"Sep 25, 2013","102.66","103.41","103.96","102.20","236.20K","-0.46"
"Sep 24, 2013","103.13","103.44","103.64","102.30","259.54K","-0.44"
"Sep 23, 2013","103.59","104.89","105.12","103.12","223.39K","-1.04"
"Sep 20, 2013","104.68","106.37","106.46","104.32","39.27K","-1.61"
"Sep 19, 2013","106.39","108.22","108.99","106.08","139.84K","-1.55"
"Sep 18, 2013","108.07","105.53","108.49","105.32","199.89K","2.51"
"Sep 17, 2013","105.42","106.22","106.43","104.94","304.85K","-1.10"
"Sep 16, 2013","106.59","107.50","108.00","106.06","282.89K","-1.50"
"Sep 13, 2013","108.21","108.64","108.74","107.23","207.04K","-0.36"
"Sep 12, 2013","108.60","107.77","109.16","107.30","249.78K","0.97"
"Sep 11, 2013","107.56","107.36","108.09","106.53","238.24K","0.16"
"Sep 10, 2013","107.39","108.92","108.95","106.39","325.31K","-1.94"
"Sep 09, 2013","109.52","110.28","110.46","108.76","266.92K","-0.91"
"Sep 06, 2013","110.53","108.52","110.70","108.12","269.87K","1.99"
"Sep 05, 2013","108.37","107.59","108.54","107.13","184.89K","1.06"
"Sep 04, 2013","107.23","108.44","108.61","106.77","224.38K","-1.21"
"Sep 03, 2013","108.54","107.07","108.83","104.21","288.02K","1.68"
"Sep 02, 2013","106.75","105.91","107.29","105.86","0","-0.84"
"Aug 30, 2013","107.65","108.17","108.75","106.75","239.63K","-1.06"
"Aug 29, 2013","108.80","109.53","110.07","107.72","250.04K","-1.18"
"Aug 28, 2013","110.10","109.22","112.24","109.11","336.17K","1.00"
"Aug 27, 2013","109.01","106.14","109.32","105.88","295.93K","2.92"
"Aug 26, 2013","105.92","106.91","107.37","105.56","166.00K","-0.47"
"Aug 23, 2013","106.42","105.22","106.94","104.30","259.55K","1.32"
"Aug 22, 2013","105.03","103.86","105.25","103.53","204.69K","1.14"
"Aug 21, 2013","103.85","105.18","105.35","103.50","259.24K","-1.07"
"Aug 20, 2013","104.97","106.93","107.10","104.50","39.88K","-1.99"
"Aug 19, 2013","107.10","107.78","107.80","106.56","102.78K","-0.34"
"Aug 16, 2013","107.46","107.18","108.17","106.56","179.86K","0.12"
"Aug 15, 2013","107.33","106.98","107.87","106.60","251.87K","0.45"
"Aug 14, 2013","106.85","106.54","107.06","105.60","270.92K","0.02"
"Aug 13, 2013","106.83","106.15","107.20","105.56","276.77K","0.68"
"Aug 12, 2013","106.11","105.84","106.46","105.03","257.14K","0.13"
"Aug 09, 2013","105.97","103.87","106.24","103.62","303.80K","2.49"
"Aug 08, 2013","103.40","104.18","104.96","102.22","320.07K","-0.93"
"Aug 07, 2013","104.37","105.68","105.77","104.10","294.24K","-0.88"
"Aug 06, 2013","105.30","106.48","107.27","104.86","273.00K","-1.18"
"Aug 05, 2013","106.56","106.84","107.69","105.70","204.86K","-0.36"
"Aug 02, 2013","106.94","107.80","108.82","106.45","249.31K","-0.88"
"Aug 01, 2013","107.89","105.26","108.06","105.10","267.59K","2.72"
"Jul 31, 2013","105.03","103.15","105.43","102.93","299.13K","1.89"
"Jul 30, 2013","103.08","104.52","104.54","102.67","235.61K","-1.41"
"Jul 29, 2013","104.55","104.61","105.37","103.87","206.33K","-0.14"
"Jul 26, 2013","104.70","105.56","105.63","103.90","208.86K","-0.75"
"Jul 25, 2013","105.49","105.37","105.87","104.08","270.58K","0.09"
"Jul 24, 2013","105.39","107.36","107.52","104.79","278.26K","-1.72"
"Jul 23, 2013","107.23","107.00","107.55","105.46","241.64K","0.30"
"Jul 22, 2013","106.91","108.34","108.79","106.43","29.38K","-1.06"
"Jul 19, 2013","108.05","108.12","109.32","107.48","112.37K","0.01"
"Jul 18, 2013","108.04","106.56","108.43","106.15","155.96K","1.47"
"Jul 17, 2013","106.48","105.78","106.60","105.11","262.79K","0.45"
"Jul 16, 2013","106.00","106.44","107.18","105.66","250.92K","-0.30"
"Jul 15, 2013","106.32","106.05","106.63","104.65","210.81K","0.35"
"Jul 12, 2013","105.95","104.58","106.33","104.36","234.76K","0.99"
"Jul 11, 2013","104.91","106.15","107.45","104.31","316.73K","-1.51"
"Jul 10, 2013","106.52","104.57","106.66","104.21","404.82K","2.89"
"Jul 09, 2013","103.53","103.00","104.76","102.31","285.67K","0.38"
"Jul 08, 2013","103.14","103.95","104.12","102.13","253.20K","-0.08"
"Jul 05, 2013","103.22","101.09","103.68","100.71","256.03K","1.79"
"Jul 04, 2013","101.40","101.27","101.57","100.71","0","0.16"
"Jul 03, 2013","101.24","99.61","102.18","99.59","353.25K","1.65"
"Jul 02, 2013","99.60","98.06","99.87","97.78","285.78K","1.64"
"Jul 01, 2013","97.99","96.58","98.28","96.07","229.19K","1.48"
"Jun 28, 2013","96.56","96.81","97.82","96.33","247.61K","-0.50"
"Jun 27, 2013","97.05","95.52","97.41","95.35","269.31K","1.62"
"Jun 26, 2013","95.50","95.17","95.70","93.68","291.42K","0.19"
"Jun 25, 2013","95.32","95.02","96.17","94.59","267.54K","0.15"
"Jun 24, 2013","95.18","93.85","95.59","92.67","315.82K","1.59"
"Jun 21, 2013","93.69","94.96","95.84","93.12","340.90K","-1.79"
"Jun 20, 2013","95.40","98.02","98.03","94.89","26.73K","-2.89"
"Jun 19, 2013","98.24","98.59","99.01","97.57","111.30K","-0.20"
"Jun 18, 2013","98.44","97.93","98.67","97.41","145.62K","0.69"
"Jun 17, 2013","97.77","97.85","98.74","97.38","242.79K","-0.08"
"Jun 14, 2013","97.85","96.64","98.25","96.42","240.91K","1.20"
"Jun 13, 2013","96.69","95.77","96.92","95.02","224.45K","0.84"
"Jun 12, 2013","95.88","94.89","96.45","94.46","244.87K","0.52"
"Jun 11, 2013","95.38","95.76","95.91","94.04","257.47K","-0.41"
"Jun 10, 2013","95.77","96.09","96.25","95.19","234.60K","-0.27"
"Jun 07, 2013","96.03","94.72","96.39","93.72","330.83K","1.34"
"Jun 06, 2013","94.76","93.70","95.32","93.69","267.16K","1.09"
"Jun 05, 2013","93.74","93.86","94.48","93.41","268.91K","0.46"
"Jun 04, 2013","93.31","93.35","94.41","92.38","301.14K","-0.15"
"Jun 03, 2013","93.45","91.73","93.70","91.26","287.47K","1.61"
"May 31, 2013","91.97","93.64","93.85","91.56","267.98K","-1.75"
"May 30, 2013","93.61","92.89","93.99","91.65","294.86K","0.52"
"May 29, 2013","93.13","95.05","95.22","92.83","293.46K","-1.98"
"May 28, 2013","95.01","93.89","95.92","93.23","240.99K","1.25"
"May 27, 2013","93.83","93.54","94.03","93.25","0","-0.33"
"May 24, 2013","94.15","94.37","94.39","93.04","203.99K","-0.11"
"May 23, 2013","94.25","94.18","94.46","92.21","323.63K","-0.03"
"May 22, 2013","94.28","95.90","96.19","94.01","336.50K","-1.96"
"May 21, 2013","96.16","96.70","96.97","95.50","0","-0.57"
"May 20, 2013","96.71","95.93","97.11","95.23","118.62K","0.72"
"May 17, 2013","96.02","95.15","96.45","94.79","187.75K","0.90"
"May 16, 2013","95.16","94.34","95.57","93.23","297.86K","0.91"
"May 15, 2013","94.30","94.13","94.44","92.13","360.68K","0.10"
"May 14, 2013","94.21","94.93","95.66","93.85","269.40K","-1.01"
"May 13, 2013","95.17","95.76","95.81","94.47","297.04K","-0.91"
"May 10, 2013","96.04","96.16","96.24","93.37","354.12K","-0.36"
"May 09, 2013","96.39","96.60","96.77","95.35","272.20K","-0.24"
"May 08, 2013","96.62","95.56","96.77","95.24","276.32K","1.05"
"May 07, 2013","95.62","95.79","96.26","94.92","260.14K","-0.56"
"May 06, 2013","96.16","95.58","97.17","94.85","271.00K","0.58"
"May 03, 2013","95.61","93.99","96.04","93.56","297.52K","1.72"
"May 02, 2013","93.99","91.00","94.25","90.65","310.81K","3.25"
"May 01, 2013","91.03","93.08","93.26","90.11","332.38K","-2.60"
"Apr 30, 2013","93.46","94.42","94.62","92.86","277.50K","-1.10"
"Apr 29, 2013","94.50","92.70","94.69","92.43","214.61K","1.61"
"Apr 26, 2013","93.00","93.24","93.58","92.06","240.97K","-0.68"
"Apr 25, 2013","93.64","91.58","93.87","91.11","270.12K","2.42"
"Apr 24, 2013","91.43","89.60","91.72","89.21","257.74K","2.52"
"Apr 23, 2013","89.18","89.28","89.60","87.80","288.80K","0.47"
"Apr 22, 2013","88.76","87.96","89.13","87.55","35.73K","0.85"
"Apr 19, 2013","88.01","88.37","88.79","87.56","100.65K","0.32"
"Apr 18, 2013","87.73","86.39","88.51","85.61","228.20K","1.21"
"Apr 17, 2013","86.68","88.80","89.09","86.06","294.27K","-2.30"
"Apr 16, 2013","88.72","87.42","88.96","86.06","287.41K","0.01"
"Apr 15, 2013","88.71","90.95","90.98","87.20","362.52K","-2.83"
"Apr 12, 2013","91.29","93.49","93.52","90.27","325.58K","-2.37"
"Apr 11, 2013","93.51","94.56","94.64","93.06","222.44K","-1.19"
"Apr 10, 2013","94.64","93.96","94.82","93.40","248.56K","0.47"
"Apr 09, 2013","94.20","93.49","94.48","92.86","234.72K","0.90"
"Apr 08, 2013","93.36","93.02","93.75","92.46","212.12K","0.71"
"Apr 05, 2013","92.70","93.36","93.57","91.91","267.28K","-0.60"
"Apr 04, 2013","93.26","94.50","94.84","92.12","355.32K","-1.26"
"Apr 03, 2013","94.45","96.93","96.96","94.18","302.24K","-2.82"
"Apr 02, 2013","97.19","97.00","97.44","95.91","209.88K","0.12"
"Apr 01, 2013","97.07","97.36","97.80","95.92","192.40K","-0.16"
"Mar 28, 2013","97.23","96.68","97.35","96.26","174.39K","0.67"
"Mar 27, 2013","96.58","96.18","96.84","95.58","207.78K","0.25"
"Mar 26, 2013","96.34","94.75","96.45","94.67","214.35K","1.61"
"Mar 25, 2013","94.81","93.72","95.65","93.70","270.65K","1.17"
"Mar 22, 2013","93.71","92.33","93.94","92.33","202.67K","1.36"
"Mar 21, 2013","92.45","93.40","93.53","91.84","214.13K","-0.55"
"Mar 20, 2013","92.96","92.09","93.28","92.09","27.76K","0.87"
"Mar 19, 2013","92.16","93.80","94.09","92.03","96.80K","-1.69"
"Mar 18, 2013","93.74","93.26","93.94","91.76","151.21K","0.31"
"Mar 15, 2013","93.45","93.15","93.84","93.00","175.61K","0.45"
"Mar 14, 2013","93.03","92.51","93.25","92.01","174.70K","0.55"
"Mar 13, 2013","92.52","92.62","93.40","91.91","251.34K","-0.02"
"Mar 12, 2013","92.54","91.94","93.47","91.60","283.11K","0.52"
"Mar 11, 2013","92.06","91.83","92.15","90.89","194.61K","0.12"
"Mar 08, 2013","91.95","91.42","92.03","90.83","219.96K","0.43"
"Mar 07, 2013","91.56","90.42","91.73","90.22","234.92K","1.25"
"Mar 06, 2013","90.43","90.83","91.17","89.55","244.17K","-0.43"
"Mar 05, 2013","90.82","90.23","90.99","90.02","209.87K","0.78"
"Mar 04, 2013","90.12","90.71","90.91","89.33","231.11K","-0.62"
"Mar 01, 2013","90.68","91.76","91.97","90.04","248.47K","-1.49"
"Feb 28, 2013","92.05","92.89","93.18","91.57","218.12K","-0.77"
"Feb 27, 2013","92.76","92.72","93.37","92.18","201.51K","0.14"
"Feb 26, 2013","92.63","91.92","93.44","91.92","230.84K","-0.52"
"Feb 25, 2013","93.11","93.23","94.46","92.07","217.52K","-0.02"
"Feb 22, 2013","93.13","92.96","93.48","92.44","204.26K","0.31"
"Feb 21, 2013","92.84","94.72","94.92","92.63","286.43K","-1.72"
"Feb 20, 2013","94.46","96.66","97.07","93.92","30.29K","-2.28"
"Feb 19, 2013","96.66","95.97","96.73","95.25","118.31K","0.83"
"Feb 15, 2013","95.86","97.34","97.47","95.21","223.59K","-1.49"
"Feb 14, 2013","97.31","97.17","97.71","96.77","174.60K","0.31"
"Feb 13, 2013","97.01","97.59","98.11","96.63","246.44K","-0.51"
"Feb 12, 2013","97.51","96.96","97.79","96.68","239.80K","0.49"
"Feb 11, 2013","97.03","95.79","97.09","94.97","283.96K","1.37"
"Feb 08, 2013","95.72","95.92","96.57","95.27","229.24K","-0.11"
"Feb 07, 2013","95.83","96.86","97.21","95.54","275.47K","-0.82"
"Feb 06, 2013","96.62","96.64","96.99","95.04","282.80K","-0.02"
"Feb 05, 2013","96.64","96.13","97.07","95.91","188.84K","0.49"
"Feb 04, 2013","96.17","97.72","97.76","95.89","196.98K","-1.64"
"Feb 01, 2013","97.77","97.42","98.15","96.51","270.28K","0.29"
"Jan 31, 2013","97.49","97.96","98.04","96.84","230.63K","-0.46"
"Jan 30, 2013","97.94","97.32","98.24","97.32","211.28K","0.38"
"Jan 29, 2013","97.57","96.46","97.82","96.29","252.93K","1.17"
"Jan 28, 2013","96.44","96.04","96.81","95.47","167.19K","0.58"
"Jan 25, 2013","95.88","95.95","96.56","95.43","184.87K","-0.07"
"Jan 24, 2013","95.95","95.50","96.68","95.12","232.04K","0.76"
"Jan 23, 2013","95.23","96.76","96.92","94.95","318.01K","-1.05"
"Jan 22, 2013","96.24","95.25","96.38","94.98","37.96K","0.71"
"Jan 18, 2013","95.56","95.19","95.67","94.91","118.55K","0.07"
"Jan 17, 2013","95.49","94.19","96.04","93.80","178.29K","1.33"
"Jan 16, 2013","94.24","93.40","94.36","93.10","241.53K","1.03"
"Jan 15, 2013","93.28","94.20","94.44","93.22","248.14K","-0.91"
"Jan 14, 2013","94.14","93.74","94.29","92.95","248.60K","0.62"
"Jan 11, 2013","93.56","93.87","94.13","92.65","257.82K","-0.28"
"Jan 10, 2013","93.82","93.19","94.70","93.08","279.30K","0.77"
"Jan 09, 2013","93.10","93.15","93.65","92.68","201.39K","-0.05"
"Jan 08, 2013","93.15","93.32","93.80","92.67","195.87K","-0.04"
"Jan 07, 2013","93.19","93.21","93.35","92.42","166.29K","0.11"
"Jan 04, 2013","93.09","92.86","93.21","91.52","210.75K","0.18"
"Jan 03, 2013","92.92","92.91","93.30","92.49","189.81K","-0.21"
"Jan 02, 2013","93.12","91.78","93.87","91.56","203.87K","1.42"
"Dec 31, 2012","91.82","90.41","91.99","90.00","119.53K","1.12"
"Dec 28, 2012","90.80","91.15","91.49","90.32","131.37K","-0.08"
"Dec 27, 2012","90.87","91.00","91.44","90.05","152.77K","-0.12"
"Dec 26, 2012","90.98","88.62","91.30","88.59","141.60K","2.67"
"Dec 24, 2012","88.61","88.60","88.86","88.20","48.52K","-0.06"
"Dec 21, 2012","88.66","90.02","90.07","87.96","180.38K","-1.63"
"Dec 20, 2012","90.13","89.69","90.54","89.26","178.14K","0.69"
"Dec 19, 2012","89.51","87.94","89.90","87.81","36.81K","1.80"
"Dec 18, 2012","87.93","87.45","88.16","87.21","93.13K","0.84"
"Dec 17, 2012","87.20","86.88","87.71","86.48","157.23K","0.54"
"Dec 14, 2012","86.73","86.13","86.92","86.05","218.27K","0.98"
"Dec 13, 2012","85.89","86.77","86.97","85.81","228.42K","-1.01"
"Dec 12, 2012","86.77","85.69","87.68","85.68","300.35K","1.14"
"Dec 11, 2012","85.79","85.70","86.37","85.21","217.86K","0.27"
"Dec 10, 2012","85.56","85.98","86.78","85.33","211.60K","-0.43"
"Dec 07, 2012","85.93","86.39","86.92","85.77","244.99K","-0.38"
"Dec 06, 2012","86.26","87.87","88.23","85.68","269.29K","-1.84"
"Dec 05, 2012","87.88","88.50","89.05","87.46","220.85K","-0.70"
"Dec 04, 2012","88.50","88.93","89.18","87.57","206.27K","-0.66"
"Dec 03, 2012","89.09","88.85","90.33","88.66","235.99K","0.20"
"Nov 30, 2012","88.91","87.66","88.99","87.47","216.21K","0.95"
"Nov 29, 2012","88.07","86.57","88.69","86.55","270.03K","1.83"
"Nov 28, 2012","86.49","87.33","87.34","85.36","249.74K","-0.79"
"Nov 27, 2012","87.18","87.82","88.25","86.83","210.47K","-0.64"
"Nov 26, 2012","87.74","88.21","88.29","87.27","156.59K","-0.61"
"Nov 23, 2012","88.28","87.68","88.53","86.71","104.94K","1.03"
"Nov 21, 2012","87.38","87.28","87.89","86.37","220.98K","0.73"
"Nov 20, 2012","86.75","89.15","89.19","86.17","322.63K","-2.83"
"Nov 19, 2012","89.28","87.30","89.80","87.11","247.08K","3.01"
"Nov 16, 2012","86.67","85.28","87.01","85.02","40.71K","1.43"
"Nov 15, 2012","85.45","86.36","86.83","84.68","168.10K","-1.01"
"Nov 14, 2012","86.32","85.37","86.65","84.93","265.31K","1.10"
"Nov 13, 2012","85.38","85.59","85.95","84.57","352.25K","-0.22"
"Nov 12, 2012","85.57","86.19","86.54","85.27","280.69K","-0.58"
"Nov 09, 2012","86.07","85.00","86.77","84.13","322.40K","1.15"
"Nov 08, 2012","85.09","84.52","85.70","84.22","296.60K","0.77"
"Nov 07, 2012","84.44","88.42","88.80","84.05","422.21K","-4.81"
"Nov 06, 2012","88.71","85.67","89.22","85.42","303.43K","3.57"
"Nov 05, 2012","85.65","84.65","85.90","84.34","221.40K","0.93"
"Nov 02, 2012","84.86","86.91","87.24","84.66","297.31K","-2.56"
"Nov 01, 2012","87.09","86.10","87.42","85.92","197.18K","0.99"
"Oct 31, 2012","86.24","85.73","87.19","85.61","212.58K","0.65"
"Oct 30, 2012","85.68","85.31","86.24","85.10","106.22K","0.16"
"Oct 29, 2012","85.54","86.43","86.43","84.66","145.73K","-0.86"
"Oct 26, 2012","86.28","86.00","86.37","85.00","212.38K","0.27"
"Oct 25, 2012","86.05","85.65","86.75","85.23","208.68K","0.37"
"Oct 24, 2012","85.73","86.60","87.47","84.94","298.16K","-1.08"
"Oct 23, 2012","86.67","89.14","89.29","85.69","309.49K","-2.32"
"Oct 22, 2012","88.73","89.52","90.80","88.21","23.96K","-1.47"
"Oct 19, 2012","90.05","92.04","93.05","89.83","123.65K","-2.23"
"Oct 18, 2012","92.10","92.06","92.59","90.66","184.65K","-0.02"
"Oct 17, 2012","92.12","92.08","92.85","91.55","226.34K","0.03"
"Oct 16, 2012","92.09","91.76","92.32","91.30","232.22K","0.26"
"Oct 15, 2012","91.85","91.63","92.20","89.79","269.02K","-0.01"
"Oct 12, 2012","91.86","92.41","92.64","91.16","198.46K","-0.23"
"Oct 11, 2012","92.07","91.27","92.94","91.09","300.09K","0.90"
"Oct 10, 2012","91.25","92.26","93.66","91.02","303.50K","-1.23"
"Oct 09, 2012","92.39","89.62","92.91","89.29","378.04K","3.43"
"Oct 08, 2012","89.33","89.85","89.89","88.21","202.69K","-0.61"
"Oct 05, 2012","89.88","91.51","91.71","89.01","279.13K","-2.00"
"Oct 04, 2012","91.71","88.01","91.84","87.91","291.39K","4.05"
"Oct 03, 2012","88.14","91.64","91.82","87.70","339.51K","-4.08"
"Oct 02, 2012","91.89","92.41","92.94","91.62","177.73K","-0.64"
"Oct 01, 2012","92.48","92.15","93.33","91.26","216.01K","0.31"
"Sep 28, 2012","92.19","92.35","92.71","91.40","210.20K","0.37"
"Sep 27, 2012","91.85","90.08","92.39","89.88","237.29K","2.08"
"Sep 26, 2012","89.98","90.82","91.34","88.95","272.06K","-1.52"
"Sep 25, 2012","91.37","92.11","93.20","90.57","239.02K","-0.61"
"Sep 24, 2012","91.93","93.18","93.18","91.06","188.32K","-1.03"
"Sep 21, 2012","92.89","92.93","93.84","92.59","181.04K","1.11"
"Sep 20, 2012","91.87","91.77","92.37","90.66","30.14K","-0.12"
"Sep 19, 2012","91.98","95.49","96.17","91.25","133.04K","-3.47"
"Sep 18, 2012","95.29","96.71","97.23","95.11","196.21K","-1.38"
"Sep 17, 2012","96.62","99.15","99.52","94.65","308.27K","-2.40"
"Sep 14, 2012","99.00","98.04","100.42","97.99","271.79K","0.70"
"Sep 13, 2012","98.31","96.93","98.58","96.51","291.06K","1.34"
"Sep 12, 2012","97.01","96.85","98.06","96.31","223.53K","-0.16"
"Sep 11, 2012","97.17","96.29","97.31","96.08","222.01K","0.65"
"Sep 10, 2012","96.54","96.24","96.63","95.34","222.00K","0.12"
"Sep 07, 2012","96.42","94.70","96.74","94.08","293.03K","0.93"
"Sep 06, 2012","95.53","96.00","97.71","94.59","327.08K","0.18"
"Sep 05, 2012","95.36","95.61","96.03","94.26","233.04K","0.06"
"Sep 04, 2012","95.30","96.38","97.37","94.97","256.15K","-1.21"
"Aug 31, 2012","96.47","94.75","96.92","94.51","249.06K","1.96"
"Aug 30, 2012","94.62","95.30","95.60","93.95","192.46K","-0.91"
"Aug 29, 2012","95.49","96.08","96.37","94.76","185.89K","-0.87"
"Aug 28, 2012","96.33","95.66","96.54","95.14","198.46K","0.90"
"Aug 27, 2012","95.47","96.67","97.72","94.41","230.84K","-0.71"
"Aug 24, 2012","96.15","96.06","97.17","95.41","204.23K","-0.12"
"Aug 23, 2012","96.27","97.30","98.29","95.75","225.16K","-1.02"
"Aug 22, 2012","97.26","96.94","97.54","96.26","217.44K","0.60"
"Aug 21, 2012","96.68","95.97","97.60","95.81","33.07K","0.74"
"Aug 20, 2012","95.97","96.36","96.53","95.02","113.31K","-0.04"
"Aug 17, 2012","96.01","95.23","96.28","94.98","162.59K","0.43"
"Aug 16, 2012","95.60","94.21","95.75","93.93","212.63K","1.35"
"Aug 15, 2012","94.33","93.25","94.90","92.68","281.64K","0.96"
"Aug 14, 2012","93.43","92.71","93.92","92.56","200.41K","0.75"
"Aug 13, 2012","92.73","93.25","94.14","92.05","280.27K","-0.15"
"Aug 10, 2012","92.87","93.46","93.87","91.71","224.51K","-0.52"
"Aug 09, 2012","93.36","93.43","94.21","93.07","258.64K","0.01"
"Aug 08, 2012","93.35","93.41","94.72","92.82","269.93K","-0.34"
"Aug 07, 2012","93.67","92.05","94.42","91.78","260.01K","1.59"
"Aug 06, 2012","92.20","91.34","92.33","90.63","194.37K","0.88"
"Aug 03, 2012","91.40","87.26","91.74","87.23","301.78K","4.90"
"Aug 02, 2012","87.13","88.87","89.63","86.92","302.70K","-2.00"
"Aug 01, 2012","88.91","88.03","89.47","87.51","281.20K","0.97"
"Jul 31, 2012","88.06","89.67","90.30","87.31","282.85K","-1.92"
"Jul 30, 2012","89.78","90.14","90.95","89.33","191.10K","-0.39"
"Jul 27, 2012","90.13","89.43","90.45","89.13","210.41K","0.83"
"Jul 26, 2012","89.39","89.10","90.47","88.07","233.40K","0.47"
"Jul 25, 2012","88.97","88.20","89.36","86.84","289.55K","0.53"
"Jul 24, 2012","88.50","88.05","89.09","87.43","309.87K","0.41"
"Jul 23, 2012","88.14","91.61","91.64","87.91","290.36K","-3.61"
"Jul 20, 2012","91.44","92.22","92.30","90.66","22.10K","-1.32"
"Jul 19, 2012","92.66","90.08","92.94","89.86","102.93K","3.10"
"Jul 18, 2012","89.87","89.13","90.04","88.59","192.85K","0.73"
"Jul 17, 2012","89.22","88.26","89.46","87.41","262.79K","0.89"
"Jul 16, 2012","88.43","87.13","88.48","86.41","223.12K","1.53"
"Jul 13, 2012","87.10","85.86","87.61","85.58","260.83K","1.18"
"Jul 12, 2012","86.08","86.20","86.37","84.21","240.73K","0.31"
"Jul 11, 2012","85.81","84.01","86.49","84.01","307.82K","2.26"
"Jul 10, 2012","83.91","85.84","85.95","83.65","291.41K","-2.42"
"Jul 09, 2012","85.99","84.20","86.48","84.00","256.90K","1.82"
"Jul 06, 2012","84.45","86.73","87.13","84.02","296.20K","-3.18"
"Jul 05, 2012","87.22","87.75","88.98","86.50","368.62K","-0.50"
"Jul 03, 2012","87.66","83.67","88.04","83.33","336.19K","4.67"
"Jul 02, 2012","83.75","84.65","85.05","82.10","299.10K","-1.42"
"Jun 29, 2012","84.96","78.46","85.34","78.28","439.01K","9.36"
"Jun 28, 2012","77.69","80.48","80.84","77.28","310.15K","-3.14"
"Jun 27, 2012","80.21","79.47","80.92","78.68","253.01K","1.07"
"Jun 26, 2012","79.36","79.23","79.68","78.36","253.30K","0.19"
"Jun 25, 2012","79.21","80.20","80.68","78.03","249.00K","-0.69"
"Jun 22, 2012","79.76","78.11","80.37","77.56","293.22K","1.99"
"Jun 21, 2012","78.20","81.08","81.20","77.93","376.97K","-4.40"
"Jun 20, 2012","81.80","84.04","84.34","80.91","37.37K","-2.65"
"Jun 19, 2012","84.03","83.06","84.41","82.28","109.01K","0.91"
"Jun 18, 2012","83.27","85.09","85.60","82.04","216.96K","-0.90"
"Jun 15, 2012","84.03","84.33","84.80","83.42","216.55K","0.14"
"Jun 14, 2012","83.91","82.44","84.42","82.27","278.94K","1.56"
"Jun 13, 2012","82.62","83.51","84.01","82.15","327.54K","-0.84"
"Jun 12, 2012","83.32","81.18","83.72","81.07","320.80K","0.75"
"Jun 11, 2012","82.70","85.72","86.64","81.11","343.21K","-1.66"
"Jun 08, 2012","84.10","83.63","84.67","82.00","304.64K","-0.85"
"Jun 07, 2012","84.82","85.50","87.03","83.43","339.00K","-0.24"
"Jun 06, 2012","85.02","84.12","86.27","84.03","313.10K","0.87"
"Jun 05, 2012","84.29","84.14","84.92","83.31","246.36K","0.37"
"Jun 04, 2012","83.98","82.96","84.38","81.21","309.78K","0.90"
"Jun 01, 2012","83.23","86.44","86.59","82.29","407.58K","-3.81"
"May 31, 2012","86.53","87.55","88.28","85.86","345.43K","-1.47"
"May 30, 2012","87.82","90.86","90.92","87.27","297.20K","-3.24"
"May 29, 2012","90.76","91.00","92.21","90.25","262.56K","-0.11"
"May 25, 2012","90.86","90.79","91.32","90.20","153.92K","0.22"
"May 24, 2012","90.66","90.53","91.52","89.81","231.52K","0.85"
"May 23, 2012","89.90","91.54","91.72","89.28","275.52K","-1.92"
"May 22, 2012","91.66","92.64","93.01","91.39","27.36K","-0.98"
"May 21, 2012","92.57","91.27","93.06","90.84","107.24K","1.19"
"May 18, 2012","91.48","92.86","92.88","90.93","211.75K","-1.17"
"May 17, 2012","92.56","92.77","93.88","92.09","280.07K","-0.27"
"May 16, 2012","92.81","93.16","94.16","91.81","308.37K","-1.24"
"May 15, 2012","93.98","93.91","95.48","93.02","284.71K","-0.84"
"May 14, 2012","94.78","95.79","95.83","93.65","251.99K","-1.40"
"May 11, 2012","96.13","96.53","97.20","95.56","260.54K","-0.98"
"May 10, 2012","97.08","96.45","97.69","96.08","282.31K","0.28"
"May 09, 2012","96.81","97.38","97.39","95.17","332.87K","-0.21"
"May 08, 2012","97.01","97.96","98.12","95.52","333.77K","-0.95"
"May 07, 2012","97.94","98.05","98.24","95.34","300.47K","-0.56"
"May 04, 2012","98.49","102.59","102.72","97.51","443.06K","-3.95"
"May 03, 2012","102.54","105.39","105.42","102.36","316.88K","-2.55"
"May 02, 2012","105.22","105.98","106.05","104.91","256.65K","-0.89"
"May 01, 2012","106.16","104.89","106.43","104.39","245.92K","1.23"
"Apr 30, 2012","104.87","104.93","105.16","103.88","211.45K","-0.06"
"Apr 27, 2012","104.93","104.10","105.00","103.74","182.10K","0.36"
"Apr 26, 2012","104.55","103.96","104.92","103.84","192.83K","0.41"
"Apr 25, 2012","104.12","103.76","104.57","103.11","276.65K","0.55"
"Apr 24, 2012","103.55","103.11","104.10","102.79","196.14K","0.43"
"Apr 23, 2012","103.11","103.82","103.90","101.82","213.20K","0.06"
"Apr 20, 2012","103.05","102.57","104.27","102.45","23.58K","0.76"
"Apr 19, 2012","102.27","102.73","103.21","101.67","91.40K","-0.39"
"Apr 18, 2012","102.67","104.22","104.51","102.19","195.81K","-1.47"
"Apr 17, 2012","104.20","103.15","105.07","102.66","244.52K","1.23"
"Apr 16, 2012","102.93","102.80","103.37","101.80","284.96K","0.10"
"Apr 13, 2012","102.83","103.66","103.90","102.61","227.26K","-0.78"
"Apr 12, 2012","103.64","102.55","104.24","102.39","271.29K","0.92"
"Apr 11, 2012","102.70","100.94","103.13","100.84","283.01K","1.66"
"Apr 10, 2012","101.02","102.33","102.96","100.68","312.93K","-1.41"
"Apr 09, 2012","102.46","102.53","102.60","100.81","205.92K","-0.82"
"Apr 05, 2012","103.31","101.96","103.40","101.37","242.90K","1.81"
"Apr 04, 2012","101.47","104.09","104.12","101.08","300.73K","-2.44"
"Apr 03, 2012","104.01","105.04","105.18","103.59","245.54K","-1.16"
"Apr 02, 2012","105.23","103.27","105.49","102.06","278.10K","2.15"
"Mar 30, 2012","103.02","103.29","104.15","102.78","244.16K","0.23"
"Mar 29, 2012","102.78","105.58","105.70","102.13","319.99K","-2.50"
"Mar 28, 2012","105.41","106.81","106.94","104.67","309.06K","-1.79"
"Mar 27, 2012","107.33","107.09","107.73","106.52","209.04K","0.28"
"Mar 26, 2012","107.03","106.79","107.32","106.19","162.28K","0.15"
"Mar 23, 2012","106.87","105.52","108.25","105.16","260.27K","1.44"
"Mar 22, 2012","105.35","106.81","107.12","104.50","295.47K","-1.79"
"Mar 21, 2012","107.27","106.33","107.64","106.06","252.60K","1.57"
"Mar 20, 2012","105.61","107.82","107.91","105.35","26.44K","-2.29"
"Mar 19, 2012","108.09","107.18","108.24","106.55","110.35K","0.96"
"Mar 16, 2012","107.06","105.44","107.34","105.13","192.99K","1.86"
"Mar 15, 2012","105.11","105.50","106.18","103.78","371.04K","-0.30"
"Mar 14, 2012","105.43","106.69","107.02","105.12","283.51K","-1.20"
"Mar 13, 2012","106.71","106.55","107.35","105.67","282.35K","0.35"
"Mar 12, 2012","106.34","107.50","107.56","105.38","234.73K","-0.99"
"Mar 09, 2012","107.40","106.91","108.20","106.13","292.69K","0.77"
"Mar 08, 2012","106.58","106.24","107.20","105.84","296.55K","0.40"
"Mar 07, 2012","106.16","104.93","106.55","104.35","333.24K","1.39"
"Mar 06, 2012","104.70","107.11","107.34","104.51","332.56K","-1.89"
"Mar 05, 2012","106.72","106.75","107.42","105.50","237.45K","0.02"
"Mar 02, 2012","106.70","108.75","109.03","105.80","299.66K","-1.97"
"Mar 01, 2012","108.84","106.82","110.55","106.55","389.84K","1.65"
"Feb 29, 2012","107.07","106.46","107.43","104.84","353.13K","0.49"
"Feb 28, 2012","106.55","107.95","108.79","106.30","278.72K","-1.85"
"Feb 27, 2012","108.56","109.67","109.77","107.27","277.60K","-1.10"
"Feb 24, 2012","109.77","108.66","109.95","107.95","267.71K","1.80"
"Feb 23, 2012","107.83","105.95","108.74","105.45","325.66K","1.46"
"Feb 22, 2012","106.28","106.01","106.72","105.61","241.33K","0.42"
"Feb 21, 2012","105.84","104.65","106.07","104.26","32.98K","2.52"
"Feb 17, 2012","103.24","102.35","104.14","102.25","134.50K","0.91"
"Feb 16, 2012","102.31","101.90","102.69","100.84","197.31K","0.50"
"Feb 15, 2012","101.80","100.90","102.54","100.61","278.27K","1.05"
"Feb 14, 2012","100.74","100.73","101.84","100.28","314.29K","-0.17"
"Feb 13, 2012","100.91","99.33","100.87","99.09","268.06K","2.27"
"Feb 10, 2012","98.67","99.89","99.89","97.32","307.56K","-1.17"
"Feb 09, 2012","99.84","99.10","100.18","98.66","295.43K","1.14"
"Feb 08, 2012","98.71","98.77","100.09","98.10","364.74K","0.30"
"Feb 07, 2012","98.41","97.13","99.13","95.84","400.23K","1.55"
"Feb 06, 2012","96.91","97.74","97.75","96.38","257.72K","-0.95"
"Feb 03, 2012","97.84","96.61","98.03","96.01","318.64K","1.54"
"Feb 02, 2012","96.36","97.11","97.99","95.44","331.24K","-1.28"
"Feb 01, 2012","97.61","98.38","99.49","97.11","293.55K","-0.88"
"Jan 31, 2012","98.48","98.88","101.29","97.86","373.89K","-0.30"
"Jan 30, 2012","98.78","100.00","100.05","98.43","215.83K","-0.78"
"Jan 27, 2012","99.56","99.93","100.63","99.13","253.46K","-0.14"
"Jan 26, 2012","99.70","99.96","101.39","99.23","260.74K","0.30"
"Jan 25, 2012","99.40","99.20","100.40","97.53","322.79K","0.45"
"Jan 24, 2012","98.95","99.88","100.18","98.25","242.48K","-0.63"
"Jan 23, 2012","99.58","98.34","100.24","97.40","238.96K","1.14"
"Jan 20, 2012","98.46","100.39","100.74","97.91","34.90K","-1.92"
"Jan 19, 2012","100.39","101.14","102.06","99.98","120.17K","-0.20"
"Jan 18, 2012","100.59","100.91","102.06","99.84","269.39K","-0.12"
"Jan 17, 2012","100.71","98.95","101.01","98.60","322.04K","2.04"
"Jan 13, 2012","98.70","99.20","100.19","97.70","335.62K","-0.40"
"Jan 12, 2012","99.10","101.00","102.98","98.50","370.51K","-1.75"
"Jan 11, 2012","100.87","102.20","102.46","100.55","311.64K","-1.34"
"Jan 10, 2012","102.24","101.30","103.41","101.30","291.27K","0.92"
"Jan 09, 2012","101.31","101.92","102.15","100.10","311.87K","-0.25"
"Jan 06, 2012","101.56","101.35","102.80","100.88","290.46K","-0.25"
"Jan 05, 2012","101.81","103.29","103.73","101.30","295.62K","-1.37"
"Jan 04, 2012","103.22","102.99","103.74","101.88","271.71K","0.25"
"Jan 03, 2012","102.96","99.70","103.18","99.65","275.48K","4.18"
"Dec 30, 2011","98.83","99.78","100.16","98.61","154.06K","-0.82"
"Dec 29, 2011","99.65","99.59","99.92","98.30","153.92K","0.29"
"Dec 28, 2011","99.36","101.25","101.71","99.11","164.66K","-1.95"
"Dec 27, 2011","101.34","99.92","101.77","99.37","124.24K","1.67"
"Dec 23, 2011","99.68","99.48","100.23","99.24","95.27K","0.15"
"Dec 22, 2011","99.53","99.03","100.05","98.51","151.56K","0.87"
"Dec 21, 2011","98.67","97.53","99.25","96.80","219.51K","1.49"
"Dec 20, 2011","97.22","94.14","97.45","94.14","35.84K","3.56"
"Dec 19, 2011","93.88","93.76","94.42","92.54","114.56K","0.37"
"Dec 16, 2011","93.53","93.42","94.79","92.52","205.89K","-0.36"
"Dec 15, 2011","93.87","94.89","95.99","93.31","273.76K","-1.14"
"Dec 14, 2011","94.95","100.33","100.33","94.21","377.48K","-5.18"
"Dec 13, 2011","100.14","97.85","101.25","97.64","380.75K","2.42"
"Dec 12, 2011","97.77","99.58","99.68","97.54","279.15K","-1.65"
"Dec 09, 2011","99.41","98.08","99.91","97.36","318.77K","1.09"
"Dec 08, 2011","98.34","100.84","101.73","97.71","340.68K","-2.14"
"Dec 07, 2011","100.49","101.11","101.94","99.67","330.53K","-0.78"
"Dec 06, 2011","101.28","100.45","101.42","100.20","217.03K","0.29"
"Dec 05, 2011","100.99","101.23","102.44","100.24","239.38K","0.03"
"Dec 02, 2011","100.96","100.00","101.56","99.76","245.92K","0.76"
"Dec 01, 2011","100.20","100.51","101.17","98.87","275.86K","-0.16"
"Nov 30, 2011","100.36","99.48","101.75","98.92","302.86K","0.57"
"Nov 29, 2011","99.79","97.75","100.15","97.23","320.86K","1.61"
"Nov 28, 2011","98.21","97.50","100.74","97.13","311.74K","1.49"
"Nov 25, 2011","96.77","95.79","97.55","94.99","185.84K","0.62"
"Nov 23, 2011","96.17","97.79","97.87","95.35","283.45K","-1.88"
"Nov 22, 2011","98.01","97.20","98.70","96.55","319.25K","1.12"
"Nov 21, 2011","96.92","97.54","97.86","95.24","279.10K","-0.50"
"Nov 18, 2011","97.41","98.61","100.15","96.64","38.55K","-1.43"
"Nov 17, 2011","98.82","101.76","103.37","98.28","194.04K","-3.67"
"Nov 16, 2011","102.59","99.32","102.89","98.39","379.61K","3.24"
"Nov 15, 2011","99.37","98.04","99.84","97.51","353.32K","1.25"
"Nov 14, 2011","98.14","99.30","99.69","97.19","351.52K","-0.86"
"Nov 11, 2011","98.99","97.51","99.40","97.35","282.79K","1.24"
"Nov 10, 2011","97.78","95.75","98.35","95.20","347.73K","2.13"
"Nov 09, 2011","95.74","96.81","97.84","94.54","445.71K","-1.10"
"Nov 08, 2011","96.80","95.87","97.08","95.23","313.57K","1.34"
"Nov 07, 2011","95.52","94.40","96.11","93.23","321.19K","1.34"
"Nov 04, 2011","94.26","94.24","94.93","92.87","295.46K","0.20"
"Nov 03, 2011","94.07","92.99","94.61","90.87","299.99K","1.69"
"Nov 02, 2011","92.51","91.60","93.79","90.97","265.63K","0.35"
"Nov 01, 2011","92.19","92.58","92.88","89.17","351.34K","-1.07"
"Oct 31, 2011","93.19","93.53","93.80","91.36","228.56K","-0.14"
"Oct 28, 2011","93.32","93.93","93.93","92.01","276.76K","-0.68"
"Oct 27, 2011","93.96","90.98","94.25","90.74","327.45K","4.17"
"Oct 26, 2011","90.20","92.59","93.92","90.00","411.45K","-3.19"
"Oct 25, 2011","93.17","91.69","94.65","91.10","489.37K","2.08"
"Oct 24, 2011","91.27","87.05","91.88","87.00","484.14K","4.43"
"Oct 21, 2011","87.40","86.50","88.89","85.95","296.56K","2.46"
"Oct 20, 2011","85.30","86.10","86.94","84.10","31.26K","-0.94"
"Oct 19, 2011","86.11","88.26","89.51","85.87","112.02K","-2.52"
"Oct 18, 2011","88.34","86.20","89.03","85.55","203.77K","2.27"
"Oct 17, 2011","86.38","87.48","88.18","85.88","227.30K","-0.48"
"Oct 14, 2011","86.80","84.47","87.42","83.77","274.85K","3.05"
"Oct 13, 2011","84.23","84.93","85.39","83.17","360.27K","-1.57"
"Oct 12, 2011","85.57","85.20","86.59","84.52","294.23K","-0.28"
"Oct 11, 2011","85.81","85.70","86.64","83.97","362.32K","0.47"
"Oct 10, 2011","85.41","82.75","86.09","82.75","264.83K","2.93"
"Oct 07, 2011","82.98","82.57","84.00","81.36","377.54K","0.47"
"Oct 06, 2011","82.59","79.71","82.90","79.08","386.09K","3.65"
"Oct 05, 2011","79.68","78.25","79.91","76.94","336.07K","5.30"
"Oct 04, 2011","75.67","76.40","78.40","74.95","428.11K","-2.50"
"Oct 03, 2011","77.61","78.92","79.64","76.25","392.78K","-2.01"
"Sep 30, 2011","79.20","83.07","83.23","78.53","367.96K","-3.58"
"Sep 29, 2011","82.14","80.67","83.98","79.64","351.35K","1.15"
"Sep 28, 2011","81.21","83.76","84.62","80.49","282.85K","-3.84"
"Sep 27, 2011","84.45","81.48","84.77","80.92","313.57K","5.25"
"Sep 26, 2011","80.24","79.64","81.56","77.11","325.67K","0.49"
"Sep 23, 2011","79.85","80.40","81.81","77.55","427.57K","-0.82"
"Sep 22, 2011","80.51","84.81","85.00","79.66","460.00K","-6.30"
"Sep 21, 2011","85.92","86.51","87.99","84.65","298.91K","-1.12"
"Sep 20, 2011","86.89","85.84","87.46","85.11","30.00K","1.39"
"Sep 19, 2011","85.70","87.75","87.75","84.79","132.22K","-2.57"
"Sep 16, 2011","87.96","89.11","89.78","87.00","210.96K","-1.61"
"Sep 15, 2011","89.40","88.60","90.15","88.01","296.29K","0.55"
"Sep 14, 2011","88.91","89.88","90.25","88.21","330.98K","-1.44"
"Sep 13, 2011","90.21","88.95","90.52","87.81","364.26K","2.29"
"Sep 12, 2011","88.19","86.70","88.97","85.00","355.07K","1.09"
"Sep 09, 2011","87.24","88.77","89.50","85.64","349.24K","-2.03"
"Sep 08, 2011","89.05","90.11","90.23","88.40","336.73K","-0.32"
"Sep 07, 2011","89.34","86.50","90.48","86.15","313.73K","3.86"
"Sep 06, 2011","86.02","86.46","86.60","83.20","316.17K","-0.50"
"Sep 02, 2011","86.45","88.78","88.99","85.42","307.28K","-2.79"
"Sep 01, 2011","88.93","88.73","89.90","88.21","282.34K","0.14"
"Aug 31, 2011","88.81","88.79","89.54","87.67","317.70K","-0.10"
"Aug 30, 2011","88.90","87.51","89.21","86.46","315.38K","1.87"
"Aug 29, 2011","87.27","85.33","87.62","85.11","208.61K","2.23"
"Aug 26, 2011","85.37","85.09","85.64","82.95","283.26K","0.08"
"Aug 25, 2011","85.30","85.17","86.56","83.01","357.82K","0.16"
"Aug 24, 2011","85.16","85.67","86.59","84.55","294.93K","-0.33"
"Aug 23, 2011","85.44","84.45","86.39","83.40","353.95K","1.57"
"Aug 22, 2011","84.12","82.42","84.67","81.13","30.15K","2.26"
"Aug 19, 2011","82.26","81.30","83.55","79.17","148.81K","-0.15"
"Aug 18, 2011","82.38","87.41","87.53","81.15","331.28K","-5.94"
"Aug 17, 2011","87.58","87.10","89.00","86.65","344.49K","1.07"
"Aug 16, 2011","86.65","87.68","87.93","85.62","375.34K","-1.40"
"Aug 15, 2011","87.88","85.59","88.05","84.40","292.80K","2.93"
"Aug 12, 2011","85.38","85.55","87.37","84.02","350.09K","-0.40"
"Aug 11, 2011","85.72","81.95","85.97","81.03","502.09K","3.41"
"Aug 10, 2011","82.89","81.90","83.14","79.53","520.14K","4.53"
"Aug 09, 2011","79.30","81.10","83.05","75.71","605.80K","-2.47"
"Aug 08, 2011","81.31","85.71","85.73","80.17","521.07K","-6.41"
"Aug 05, 2011","86.88","86.50","88.32","82.87","512.49K","0.29"
"Aug 04, 2011","86.63","91.94","92.59","86.04","535.94K","-5.77"
"Aug 03, 2011","91.93","93.15","93.75","91.22","350.22K","-1.98"
"Aug 02, 2011","93.79","95.02","95.68","93.08","328.18K","-1.16"
"Aug 01, 2011","94.89","96.20","98.60","93.42","398.86K","-0.85"
"Jul 29, 2011","95.70","97.16","97.39","94.95","284.39K","-1.79"
"Jul 28, 2011","97.44","97.27","98.01","96.51","236.25K","0.04"
"Jul 27, 2011","97.40","99.18","99.50","97.14","304.52K","-2.20"
"Jul 26, 2011","99.59","99.15","100.62","97.76","332.69K","0.39"
"Jul 25, 2011","99.20","99.76","99.87","98.52","205.21K","-0.67"
"Jul 22, 2011","99.87","99.20","100.19","98.43","223.27K","0.75"
"Jul 21, 2011","99.13","98.36","100.16","97.20","293.97K","1.01"
"Jul 20, 2011","98.14","98.11","99.02","96.64","35.29K","0.66"
"Jul 19, 2011","97.50","96.16","98.65","95.93","138.05K","1.64"
"Jul 18, 2011","95.93","97.37","97.69","94.69","203.97K","-1.35"
"Jul 15, 2011","97.24","96.03","97.74","95.21","266.46K","1.62"
"Jul 14, 2011","95.69","97.59","98.88","94.53","403.42K","-2.41"
"Jul 13, 2011","98.05","96.72","99.21","96.53","355.10K","0.64"
"Jul 12, 2011","97.43","95.09","97.50","93.55","343.49K","2.40"
"Jul 11, 2011","95.15","96.10","96.75","94.14","311.45K","-1.09"
"Jul 08, 2011","96.20","98.79","99.18","95.60","348.00K","-2.50"
"Jul 07, 2011","98.67","97.04","99.42","96.99","339.27K","2.09"
"Jul 06, 2011","96.65","97.00","97.79","95.90","288.32K","-0.25"
"Jul 05, 2011","96.89","94.98","97.48","94.34","275.65K","2.05"
"Jul 01, 2011","94.94","95.12","95.39","93.45","263.63K","-0.50"
"Jun 30, 2011","95.42","95.08","95.82","93.88","276.58K","0.69"
"Jun 29, 2011","94.77","93.37","95.84","92.66","348.79K","2.02"
"Jun 28, 2011","92.89","90.71","93.37","90.44","279.02K","2.52"
"Jun 27, 2011","90.61","91.16","91.30","89.61","278.68K","-0.60"
"Jun 24, 2011","91.16","92.29","92.34","89.82","337.77K","0.15"
"Jun 23, 2011","91.02","94.40","94.47","89.69","484.06K","-4.60"
"Jun 22, 2011","95.41","93.76","95.70","93.24","296.28K","2.15"
"Jun 21, 2011","93.40","93.49","94.74","92.50","41.37K","0.15"
"Jun 20, 2011","93.26","92.80","93.49","91.14","136.84K","0.27"
"Jun 17, 2011","93.01","95.10","95.40","91.84","245.01K","-2.04"
"Jun 16, 2011","94.95","95.29","95.75","94.29","336.01K","0.15"
"Jun 15, 2011","94.81","99.68","99.95","94.01","508.72K","-4.59"
"Jun 14, 2011","99.37","97.09","99.64","96.51","347.72K","2.13"
"Jun 13, 2011","97.30","98.77","99.32","96.13","381.99K","-2.00"
"Jun 10, 2011","99.29","101.84","102.15","98.60","379.24K","-2.59"
"Jun 09, 2011","101.93","100.83","102.44","100.74","345.54K","1.18"
"Jun 08, 2011","100.74","99.58","101.89","98.02","484.28K","1.67"
"Jun 07, 2011","99.09","98.82","99.75","97.74","415.37K","0.08"
"Jun 06, 2011","99.01","100.42","100.68","98.55","289.67K","-1.21"
"Jun 03, 2011","100.22","100.87","100.87","98.12","351.31K","-0.18"
"Jun 02, 2011","100.40","99.79","100.93","98.46","389.64K","0.11"
"Jun 01, 2011","100.29","102.68","103.31","99.63","376.48K","-2.35"
"May 31, 2011","102.70","100.69","103.39","99.60","319.04K","2.10"
"May 27, 2011","100.59","100.16","101.24","100.04","212.25K","0.36"
"May 26, 2011","100.23","101.24","101.90","99.61","332.14K","-1.08"
"May 25, 2011","101.32","99.27","101.63","98.20","354.88K","1.74"
"May 24, 2011","99.59","97.54","100.09","96.61","339.53K","1.93"
"May 23, 2011","97.70","99.68","100.04","96.37","296.83K","-1.80"
"May 20, 2011","99.49","98.60","99.90","95.99","33.93K","1.07"
"May 19, 2011","98.44","99.76","100.79","98.16","142.67K","-1.66"
"May 18, 2011","100.10","97.57","100.99","97.46","285.30K","3.29"
"May 17, 2011","96.91","96.98","97.81","95.02","399.13K","-0.47"
"May 16, 2011","97.37","99.36","99.65","96.83","335.32K","-2.29"
"May 13, 2011","99.65","98.81","100.70","97.09","367.72K","0.69"
"May 12, 2011","98.97","98.59","100.49","95.25","522.50K","0.77"
"May 11, 2011","98.21","103.69","104.60","97.50","524.76K","-5.46"
"May 10, 2011","103.88","102.44","103.95","100.12","439.61K","1.30"
"May 09, 2011","102.55","98.11","103.40","97.42","469.29K","5.53"
"May 06, 2011","97.18","99.76","102.38","94.63","606.53K","-2.63"
"May 05, 2011","99.80","108.78","109.38","98.25","670.08K","-8.64"
"May 04, 2011","109.24","110.68","111.22","108.48","333.02K","-1.63"
"May 03, 2011","111.05","112.98","113.22","110.30","300.33K","-2.18"
"May 02, 2011","113.52","113.89","114.83","110.82","310.99K","-0.36"
"Apr 29, 2011","113.93","112.82","114.18","112.25","201.83K","0.95"
"Apr 28, 2011","112.86","113.13","113.97","111.69","301.60K","0.09"
"Apr 27, 2011","112.76","111.89","113.40","110.71","338.70K","0.49"
"Apr 26, 2011","112.21","112.15","112.64","111.12","234.44K","-0.06"
"Apr 25, 2011","112.28","112.34","113.48","111.08","209.68K","-0.01"
"Apr 21, 2011","112.29","111.37","112.48","111.00","240.46K","0.75"
"Apr 20, 2011","111.45","108.45","111.66","107.96","291.55K","3.05"
"Apr 19, 2011","108.15","107.52","108.45","105.50","37.09K","0.96"
"Apr 18, 2011","107.12","109.43","109.44","106.54","138.18K","-2.32"
"Apr 15, 2011","109.66","108.45","110.10","107.21","224.39K","1.43"
"Apr 14, 2011","108.11","107.32","108.55","105.77","352.07K","0.93"
"Apr 13, 2011","107.11","106.02","107.43","105.31","456.86K","0.81"
"Apr 12, 2011","106.25","108.97","110.24","105.47","555.63K","-3.34"
"Apr 11, 2011","109.92","113.28","113.46","108.68","364.35K","-2.54"
"Apr 08, 2011","112.79","110.32","113.21","110.11","319.48K","2.26"
"Apr 07, 2011","110.30","108.67","110.44","108.23","334.91K","1.35"
"Apr 06, 2011","108.83","107.99","109.15","107.72","255.60K","0.45"
"Apr 05, 2011","108.34","108.20","108.60","107.50","249.36K","-0.12"
"Apr 04, 2011","108.47","108.29","108.78","107.58","228.49K","0.49"
"Apr 01, 2011","107.94","106.62","108.47","106.30","283.71K","1.14"
"Mar 31, 2011","106.72","104.31","106.83","104.12","270.63K","2.35"
"Mar 30, 2011","104.27","104.45","105.15","103.44","256.90K","-0.50"
"Mar 29, 2011","104.79","103.94","105.00","102.70","246.82K","0.78"
"Mar 28, 2011","103.98","105.43","105.76","103.60","223.08K","-1.35"
"Mar 25, 2011","105.40","105.46","105.95","104.50","235.66K","-0.19"
"Mar 24, 2011","105.60","105.52","106.69","104.76","258.02K","-0.14"
"Mar 23, 2011","105.75","104.85","106.34","104.38","254.57K","1.68"
"Mar 22, 2011","104.00","102.10","104.54","101.43","31.92K","1.63"
"Mar 21, 2011","102.33","102.12","103.35","101.66","103.96K","1.25"
"Mar 18, 2011","101.07","101.78","103.66","100.14","217.68K","-0.35"
"Mar 17, 2011","101.42","98.10","101.99","96.60","261.57K","3.51"
"Mar 16, 2011","97.98","97.40","99.60","96.22","357.94K","0.82"
"Mar 15, 2011","97.18","101.86","101.87","96.71","388.74K","-3.96"
"Mar 14, 2011","101.19","100.31","101.89","98.47","289.43K","0.03"
"Mar 11, 2011","101.16","102.64","103.00","99.01","342.53K","-1.50"
"Mar 10, 2011","102.70","104.45","105.06","100.62","432.99K","-1.61"
"Mar 09, 2011","104.38","104.96","105.92","103.90","353.95K","-0.61"
"Mar 08, 2011","105.02","104.85","105.79","104.49","420.04K","-0.40"
"Mar 07, 2011","105.44","104.65","106.95","104.25","404.44K","0.98"
"Mar 04, 2011","104.42","101.70","105.17","101.54","369.15K","2.46"
"Mar 03, 2011","101.91","102.39","102.94","100.15","382.56K","-0.31"
"Mar 02, 2011","102.23","100.48","102.50","99.21","446.38K","2.61"
"Mar 01, 2011","99.63","96.97","100.69","96.37","322.43K","2.74"
"Feb 28, 2011","96.97","98.50","99.96","96.71","262.00K","-0.93"
"Feb 25, 2011","97.88","96.63","99.20","96.17","307.90K","0.62"
"Feb 24, 2011","97.28","98.97","103.41","95.62","507.46K","-0.84"
"Feb 23, 2011","98.10","95.68","100.00","95.14","489.67K","4.84"
"Feb 22, 2011","93.57","86.38","94.49","86.25","37.93K","8.55"
"Feb 18, 2011","86.20","86.40","87.88","85.65","155.30K","-0.19"
"Feb 17, 2011","86.36","85.25","86.63","84.38","176.13K","1.61"
"Feb 16, 2011","84.99","84.44","85.95","84.12","297.66K","0.79"
"Feb 15, 2011","84.32","84.84","85.97","83.85","284.17K","-0.58"
"Feb 14, 2011","84.81","85.50","86.52","84.58","319.33K","-0.90"
"Feb 11, 2011","85.58","87.70","87.77","85.10","383.39K","-1.33"
"Feb 10, 2011","86.73","86.93","87.90","85.96","419.19K","0.02"
"Feb 09, 2011","86.71","87.35","87.95","86.36","367.21K","-0.26"
"Feb 08, 2011","86.94","87.41","88.11","85.88","414.88K","-0.62"
"Feb 07, 2011","87.48","89.06","89.54","87.18","324.98K","-1.74"
"Feb 04, 2011","89.03","90.63","91.67","88.45","359.93K","-1.67"
"Feb 03, 2011","90.54","90.93","92.05","90.00","290.49K","-0.35"
"Feb 02, 2011","90.86","90.51","91.78","90.10","312.11K","0.10"
"Feb 01, 2011","90.77","92.20","92.45","90.33","392.88K","-1.54"
"Jan 31, 2011","92.19","89.97","92.84","88.40","436.80K","3.19"
"Jan 28, 2011","89.34","85.28","89.73","85.11","584.79K","4.32"
"Jan 27, 2011","85.64","87.55","87.66","85.21","369.38K","-1.94"
"Jan 26, 2011","87.33","86.23","87.79","86.03","347.75K","1.32"
"Jan 25, 2011","86.19","87.70","87.85","86.12","338.65K","-1.91"
"Jan 24, 2011","87.87","89.26","89.63","87.27","356.09K","-1.39"
"Jan 21, 2011","89.11","89.45","90.22","88.87","287.81K","0.28"
"Jan 20, 2011","88.86","90.70","90.86","88.00","25.96K","-2.20"
"Jan 19, 2011","90.86","91.34","92.10","90.47","109.53K","-0.57"
"Jan 18, 2011","91.38","91.51","91.90","90.55","211.93K","-0.17"
"Jan 14, 2011","91.54","90.99","91.69","90.10","313.33K","0.15"
"Jan 13, 2011","91.40","92.00","92.37","90.75","358.90K","-0.50"
"Jan 12, 2011","91.86","91.18","92.39","90.79","382.69K","0.82"
"Jan 11, 2011","91.11","89.31","91.39","88.93","429.76K","2.08"
"Jan 10, 2011","89.25","89.00","89.98","88.13","430.28K","1.39"
"Jan 07, 2011","88.03","88.18","89.48","87.25","444.81K","-0.40"
"Jan 06, 2011","88.38","90.47","90.71","87.85","440.46K","-2.13"
"Jan 05, 2011","90.30","89.29","90.84","88.10","416.91K","1.03"
"Jan 04, 2011","89.38","91.50","92.07","88.36","415.52K","-2.37"
"Jan 03, 2011","91.55","91.31","92.58","91.21","225.19K","0.19"
"Dec 31, 2010","91.38","89.67","92.06","89.05","171.01K","1.71"
"Dec 30, 2010","89.84","90.98","91.40","89.02","209.65K","-1.40"
"Dec 29, 2010","91.12","91.27","91.53","90.80","117.85K","-0.40"
"Dec 28, 2010","91.49","90.79","91.67","90.75","104.42K","0.54"
"Dec 27, 2010","91.00","91.07","91.88","90.51","104.32K","-0.56"
"Dec 23, 2010","91.51","90.61","91.63","90.33","145.01K","1.14"
"Dec 22, 2010","90.48","89.99","90.80","89.85","187.39K","0.73"
"Dec 21, 2010","89.82","89.22","90.10","89.06","187.32K","1.14"
"Dec 20, 2010","88.81","88.18","88.98","87.26","33.05K","0.90"
"Dec 17, 2010","88.02","87.87","88.52","87.01","152.40K","0.36"
"Dec 16, 2010","87.70","88.48","88.65","87.63","221.15K","-1.04"
"Dec 15, 2010","88.62","88.28","89.09","86.83","355.06K","0.39"
"Dec 14, 2010","88.28","88.19","88.95","87.74","281.85K","-0.37"
"Dec 13, 2010","88.61","87.68","89.49","87.44","329.77K","0.93"
"Dec 10, 2010","87.79","88.51","89.00","87.10","313.84K","-0.66"
"Dec 09, 2010","88.37","88.55","89.42","87.71","353.96K","0.10"
"Dec 08, 2010","88.28","88.35","88.99","87.33","383.14K","-0.46"
"Dec 07, 2010","88.69","88.92","90.76","88.04","462.69K","-0.77"
"Dec 06, 2010","89.38","89.44","89.76","88.56","293.84K","0.21"
"Dec 03, 2010","89.19","87.94","89.49","87.14","354.64K","1.35"
"Dec 02, 2010","88.00","86.80","88.13","86.27","330.64K","1.44"
"Dec 01, 2010","86.75","83.66","86.95","83.63","340.74K","3.14"
"Nov 30, 2010","84.11","85.81","85.90","83.55","338.36K","-1.89"
"Nov 29, 2010","85.73","83.90","85.90","83.59","335.80K","2.35"
"Nov 26, 2010","83.76","84.21","84.53","82.78","174.18K","-0.12"
"Nov 24, 2010","83.86","80.99","84.25","80.97","324.51K","3.21"
"Nov 23, 2010","81.25","81.61","82.10","80.28","351.86K","-0.60"
"Nov 22, 2010","81.74","82.15","82.87","80.68","290.22K","0.28"
"Nov 19, 2010","81.51","82.24","82.75","80.59","36.97K","-0.42"
"Nov 18, 2010","81.85","80.45","82.35","80.44","160.41K","1.75"
"Nov 17, 2010","80.44","82.44","82.67","80.06","334.53K","-2.31"
"Nov 16, 2010","82.34","84.58","84.74","82.03","454.83K","-2.97"
"Nov 15, 2010","84.86","84.87","85.77","84.48","315.26K","-0.02"
"Nov 12, 2010","84.88","87.73","87.85","84.52","478.82K","-3.34"
"Nov 11, 2010","87.81","87.85","88.63","87.54","343.01K","0.00"
"Nov 10, 2010","87.81","86.45","88.21","86.10","472.84K","1.26"
"Nov 09, 2010","86.72","86.75","87.63","85.48","368.00K","-0.39"
"Nov 08, 2010","87.06","87.39","87.49","85.96","309.97K","0.24"
"Nov 05, 2010","86.85","86.60","87.43","85.96","315.28K","0.42"
"Nov 04, 2010","86.49","85.09","86.83","84.92","318.00K","2.13"
"Nov 03, 2010","84.69","84.37","85.36","83.57","393.74K","0.94"
"Nov 02, 2010","83.90","82.88","84.47","82.83","281.83K","1.15"
"Nov 01, 2010","82.95","81.45","83.86","81.32","358.54K","1.87"
"Oct 29, 2010","81.43","81.92","82.12","80.56","313.87K","-0.91"
"Oct 28, 2010","82.18","81.99","82.64","81.50","296.75K","0.29"
"Oct 27, 2010","81.94","82.48","82.69","80.52","375.25K","-0.74"
"Oct 26, 2010","82.55","82.47","82.88","81.81","265.93K","0.04"
"Oct 25, 2010","82.52","82.01","83.28","81.45","339.40K","1.02"
"Oct 22, 2010","81.69","80.73","82.07","80.41","256.38K","1.40"
"Oct 21, 2010","80.56","82.55","82.70","80.09","378.29K","-1.48"
"Oct 20, 2010","81.77","79.48","82.03","79.35","40.71K","2.87"
"Oct 19, 2010","79.49","82.95","83.21","79.25","151.36K","-4.32"
"Oct 18, 2010","83.08","81.38","83.28","80.35","225.08K","2.25"
"Oct 15, 2010","81.25","82.77","83.33","80.75","345.84K","-1.74"
"Oct 14, 2010","82.69","83.23","84.12","82.21","340.96K","-0.39"
"Oct 13, 2010","83.01","81.72","83.45","81.68","330.29K","1.64"
"Oct 12, 2010","81.67","81.94","82.33","80.88","333.58K","-0.66"
"Oct 11, 2010","82.21","82.95","83.50","81.82","234.32K","-0.54"
"Oct 08, 2010","82.66","81.43","83.13","80.30","414.08K","1.21"
"Oct 07, 2010","81.67","83.27","84.43","81.00","450.95K","-1.87"
"Oct 06, 2010","83.23","82.60","84.09","82.29","349.17K","0.50"
"Oct 05, 2010","82.82","81.37","82.99","81.15","336.83K","1.66"
"Oct 04, 2010","81.47","81.68","82.38","80.77","313.31K","-0.13"
"Oct 01, 2010","81.58","79.84","81.75","79.70","359.94K","2.01"
"Sep 30, 2010","79.97","77.91","80.18","77.55","418.63K","2.71"
"Sep 29, 2010","77.86","76.20","78.13","75.60","388.99K","2.21"
"Sep 28, 2010","76.18","76.23","77.12","75.53","329.35K","-0.44"
"Sep 27, 2010","76.52","76.47","77.17","75.52","289.64K","0.04"
"Sep 24, 2010","76.49","74.95","76.68","74.66","288.50K","1.74"
"Sep 23, 2010","75.18","74.84","75.61","73.58","295.90K","0.63"
"Sep 22, 2010","74.71","74.79","76.00","73.84","343.85K","1.62"
"Sep 21, 2010","73.52","74.57","74.60","72.81","34.58K","-1.79"
"Sep 20, 2010","74.86","73.59","75.45","73.32","132.43K","1.63"
"Sep 17, 2010","73.66","74.47","75.25","72.75","195.83K","-1.22"
"Sep 16, 2010","74.57","75.76","75.99","74.11","289.28K","-1.91"
"Sep 15, 2010","76.02","76.64","76.65","74.66","356.33K","-1.02"
"Sep 14, 2010","76.80","77.17","77.99","76.21","416.11K","-0.51"
"Sep 13, 2010","77.19","76.36","78.04","76.36","349.16K","0.97"
"Sep 10, 2010","76.45","74.40","76.73","74.37","431.37K","2.96"
"Sep 09, 2010","74.25","74.92","75.96","73.88","372.88K","-0.56"
"Sep 08, 2010","74.67","73.91","75.39","73.37","359.76K","0.78"
"Sep 07, 2010","74.09","74.30","74.63","72.63","406.64K","-0.68"
"Sep 03, 2010","74.60","74.93","75.44","73.20","379.30K","-0.56"
"Sep 02, 2010","75.02","73.91","75.14","73.11","340.17K","1.50"
"Sep 01, 2010","73.91","71.70","74.48","71.67","396.61K","2.77"
"Aug 31, 2010","71.92","74.07","74.73","71.53","469.41K","-3.72"
"Aug 30, 2010","74.70","75.50","75.58","74.01","260.67K","-0.63"
"Aug 27, 2010","75.17","73.18","75.59","72.04","477.90K","2.47"
"Aug 26, 2010","73.36","72.82","73.98","72.54","362.83K","1.16"
"Aug 25, 2010","72.52","71.47","72.97","70.76","343.41K","1.24"
"Aug 24, 2010","71.63","72.95","73.05","71.32","340.99K","-2.01"
"Aug 23, 2010","73.10","73.90","74.48","72.75","252.44K","-0.49"
"Aug 20, 2010","73.46","74.45","74.60","73.19","33.38K","-1.30"
"Aug 19, 2010","74.43","75.27","76.10","73.96","123.22K","-1.31"
"Aug 18, 2010","75.42","75.45","75.74","73.83","247.10K","-0.46"
"Aug 17, 2010","75.77","75.06","76.63","75.01","347.43K","0.70"
"Aug 16, 2010","75.24","75.60","75.95","74.86","237.46K","-0.20"
"Aug 13, 2010","75.39","75.75","76.74","75.01","286.13K","-0.46"
"Aug 12, 2010","75.74","77.31","77.97","75.52","430.79K","-2.92"
"Aug 11, 2010","78.02","80.22","80.44","77.25","416.89K","-2.78"
"Aug 10, 2010","80.25","81.44","81.62","79.20","385.85K","-1.51"
"Aug 09, 2010","81.48","80.91","81.76","80.71","267.08K","0.97"
"Aug 06, 2010","80.70","82.12","82.67","80.04","397.53K","-1.60"
"Aug 05, 2010","82.01","82.44","82.48","81.56","234.81K","-0.56"
"Aug 04, 2010","82.47","82.42","82.97","81.62","293.32K","-0.10"
"Aug 03, 2010","82.55","81.41","82.64","81.11","290.98K","1.49"
"Aug 02, 2010","81.34","78.95","81.77","78.83","306.10K","3.03"
"Jul 30, 2010","78.95","78.25","79.05","76.83","294.43K","0.75"
"Jul 29, 2010","78.36","76.89","78.89","76.45","350.58K","1.78"
"Jul 28, 2010","76.99","77.08","77.74","75.90","314.17K","-0.66"
"Jul 27, 2010","77.50","78.92","79.69","76.79","377.84K","-1.87"
"Jul 26, 2010","78.98","78.98","79.33","78.06","227.66K","0.00"
"Jul 23, 2010","78.98","79.27","79.60","78.40","259.74K","-0.40"
"Jul 22, 2010","79.30","76.43","79.42","76.16","358.82K","3.58"
"Jul 21, 2010","76.56","77.85","78.57","76.20","322.41K","-1.14"
"Jul 20, 2010","77.44","76.40","77.57","75.65","34.22K","1.18"
"Jul 19, 2010","76.54","75.72","77.69","75.50","169.55K","0.70"
"Jul 16, 2010","76.01","76.82","77.15","75.25","225.25K","-0.80"
"Jul 15, 2010","76.62","76.76","77.66","75.33","366.02K","-0.55"
"Jul 14, 2010","77.04","77.13","78.15","76.38","364.47K","-0.14"
"Jul 13, 2010","77.15","75.06","77.37","74.25","361.79K","2.94"
"Jul 12, 2010","74.95","76.30","76.43","74.52","309.17K","-1.50"
"Jul 09, 2010","76.09","75.85","76.48","75.00","269.89K","0.86"
"Jul 08, 2010","75.44","74.85","76.00","74.38","325.81K","1.85"
"Jul 07, 2010","74.07","72.07","74.92","71.44","288.66K","2.90"
"Jul 06, 2010","71.98","72.06","73.86","71.09","325.73K","-0.22"
"Jul 02, 2010","72.14","72.67","73.38","71.62","256.17K","-1.11"
"Jul 01, 2010","72.95","75.37","75.40","72.05","405.08K","-3.54"
"Jun 30, 2010","75.63","75.46","76.83","74.39","357.75K","-0.41"
"Jun 29, 2010","75.94","78.15","78.32","75.21","323.27K","-2.95"
"Jun 28, 2010","78.25","79.00","79.38","77.72","223.31K","-0.77"
"Jun 25, 2010","78.86","76.56","79.19","75.90","316.46K","3.07"
"Jun 24, 2010","76.51","76.00","76.57","75.32","260.40K","0.21"
"Jun 23, 2010","76.35","77.52","77.83","75.17","365.04K","-1.11"
"Jun 22, 2010","77.21","77.35","78.10","76.53","27.34K","-0.78"
"Jun 21, 2010","77.82","77.50","78.92","76.88","124.29K","0.83"
"Jun 18, 2010","77.18","76.55","77.45","75.56","157.43K","0.51"
"Jun 17, 2010","76.79","77.45","77.79","76.17","303.28K","-1.13"
"Jun 16, 2010","77.67","77.06","78.13","76.06","323.36K","0.95"
"Jun 15, 2010","76.94","74.77","77.16","74.62","308.29K","2.42"
"Jun 14, 2010","75.12","74.06","75.99","74.04","321.67K","1.82"
"Jun 11, 2010","73.78","75.52","75.64","73.26","421.74K","-2.25"
"Jun 10, 2010","75.48","73.87","76.30","73.72","430.04K","1.48"
"Jun 09, 2010","74.38","72.51","74.96","72.03","436.98K","3.32"
"Jun 08, 2010","71.99","71.16","72.60","70.75","421.97K","0.77"
"Jun 07, 2010","71.44","70.35","72.49","69.51","417.31K","-0.10"
"Jun 04, 2010","71.51","74.61","75.42","70.73","448.49K","-4.15"
"Jun 03, 2010","74.61","73.70","74.95","72.32","439.43K","2.40"
"Jun 02, 2010","72.86","71.94","73.93","71.68","391.03K","0.39"
"Jun 01, 2010","72.58","73.97","75.33","71.64","438.59K","-1.88"
"May 28, 2010","73.97","74.90","75.72","73.13","420.67K","-0.78"
"May 27, 2010","74.55","70.74","74.95","70.67","401.81K","4.25"
"May 26, 2010","71.51","70.06","71.70","69.21","405.52K","4.01"
"May 25, 2010","68.75","69.90","70.04","67.15","395.40K","-2.08"
"May 24, 2010","70.21","70.62","70.96","69.57","279.82K","0.24"
"May 21, 2010","70.04","69.52","71.23","69.00","449.43K","2.98"
"May 20, 2010","68.01","71.20","71.29","64.24","33.22K","-2.66"
"May 19, 2010","69.87","69.11","71.43","67.90","129.17K","0.66"
"May 18, 2010","69.41","70.50","72.52","68.91","206.38K","-0.96"
"May 17, 2010","70.08","71.79","72.25","69.27","355.83K","-2.14"
"May 14, 2010","71.61","73.99","74.13","70.83","373.98K","-3.75"
"May 13, 2010","74.40","75.47","76.45","73.62","532.33K","-1.65"
"May 12, 2010","75.65","75.89","77.00","74.75","475.85K","-0.94"
"May 11, 2010","76.37","77.26","77.68","75.36","441.54K","-0.56"
"May 10, 2010","76.80","76.11","78.51","75.80","447.16K","2.25"
"May 07, 2010","75.11","76.95","78.19","74.51","601.53K","-2.59"
"May 06, 2010","77.11","79.63","80.39","74.58","605.01K","-3.58"
"May 05, 2010","79.97","82.13","82.83","79.15","512.29K","-3.35"
"May 04, 2010","82.74","86.09","86.24","82.05","497.43K","-4.00"
"May 03, 2010","86.19","86.20","87.15","85.83","324.73K","0.05"
"Apr 30, 2010","86.15","85.58","86.50","85.16","392.14K","1.15"
"Apr 29, 2010","85.17","83.33","85.63","83.01","393.69K","2.34"
"Apr 28, 2010","83.22","81.84","83.44","81.29","400.70K","0.95"
"Apr 27, 2010","82.44","83.89","84.33","81.70","462.84K","-2.09"
"Apr 26, 2010","84.20","85.22","85.63","83.73","337.12K","-1.08"
"Apr 23, 2010","85.12","83.75","85.19","82.92","322.55K","1.70"
"Apr 22, 2010","83.70","83.47","84.07","81.73","433.95K","0.02"
"Apr 21, 2010","83.68","84.03","84.64","82.92","428.24K","0.28"
"Apr 20, 2010","83.45","81.69","83.65","81.51","33.43K","2.46"
"Apr 19, 2010","81.45","82.92","83.00","80.53","122.83K","-2.15"
"Apr 16, 2010","83.24","85.35","85.44","82.52","268.76K","-2.65"
"Apr 15, 2010","85.51","85.91","86.27","85.27","274.10K","-0.38"
"Apr 14, 2010","85.84","83.82","86.39","83.71","425.17K","2.13"
"Apr 13, 2010","84.05","84.36","84.42","82.51","552.30K","-0.34"
"Apr 12, 2010","84.34","85.17","85.71","84.08","421.90K","-0.68"
"Apr 09, 2010","84.92","85.56","86.37","84.12","442.94K","-0.55"
"Apr 08, 2010","85.39","85.64","85.88","84.38","389.60K","-0.57"
"Apr 07, 2010","85.88","86.76","87.00","85.52","379.53K","-1.11"
"Apr 06, 2010","86.84","86.74","87.09","86.13","290.48K","0.25"
"Apr 05, 2010","86.62","85.31","86.90","85.06","244.11K","2.06"
"Apr 01, 2010","84.87","83.36","85.37","83.21","234.24K","1.33"
"Mar 31, 2010","83.76","82.50","83.85","82.22","371.96K","1.69"
"Mar 30, 2010","82.37","82.50","82.74","81.77","244.44K","0.24"
"Mar 29, 2010","82.17","80.24","82.78","80.18","311.04K","2.71"
"Mar 26, 2010","80.00","80.13","81.46","79.54","324.61K","-0.66"
"Mar 25, 2010","80.53","80.25","81.48","80.10","296.27K","-0.10"
"Mar 24, 2010","80.61","81.58","81.64","79.88","307.76K","-1.59"
"Mar 23, 2010","81.91","81.81","82.20","80.85","261.87K","0.81"
"Mar 22, 2010","81.25","80.93","81.49","78.57","32.68K","0.71"
"Mar 19, 2010","80.68","82.17","82.17","79.86","150.68K","-1.85"
"Mar 18, 2010","82.20","82.85","82.85","81.68","208.34K","-0.88"
"Mar 17, 2010","82.93","82.05","83.09","81.72","275.21K","1.51"
"Mar 16, 2010","81.70","79.84","82.10","79.32","290.18K","2.38"
"Mar 15, 2010","79.80","81.13","81.31","79.13","283.14K","-1.77"
"Mar 12, 2010","81.24","82.20","83.16","80.57","337.20K","-1.06"
"Mar 11, 2010","82.11","81.98","82.38","81.33","279.16K","0.02"
"Mar 10, 2010","82.09","81.38","83.03","80.81","430.15K","0.74"
"Mar 09, 2010","81.49","81.75","81.91","80.16","332.13K","-0.46"
"Mar 08, 2010","81.87","81.79","82.41","80.75","295.35K","0.45"
"Mar 05, 2010","81.50","80.58","82.07","80.47","299.63K","1.61"
"Mar 04, 2010","80.21","81.01","81.09","79.70","278.89K","-0.82"
"Mar 03, 2010","80.87","79.64","81.23","79.44","306.91K","1.49"
"Mar 02, 2010","79.68","78.88","80.95","78.26","301.70K","1.25"
"Mar 01, 2010","78.70","79.84","80.62","78.06","298.72K","-1.21"
"Feb 26, 2010","79.66","78.33","80.05","77.82","319.04K","1.91"
"Feb 25, 2010","78.17","80.31","80.32","77.05","346.03K","-2.29"
"Feb 24, 2010","80.00","79.13","80.45","78.25","289.32K","1.45"
"Feb 23, 2010","78.86","80.03","80.39","78.22","316.88K","-1.62"
"Feb 22, 2010","80.16","80.10","80.51","79.45","34.94K","0.44"
"Feb 19, 2010","79.81","78.37","80.10","77.76","183.23K","0.95"
"Feb 18, 2010","79.06","77.29","79.29","76.32","274.17K","2.24"
"Feb 17, 2010","77.33","77.32","77.82","76.53","283.82K","0.42"
"Feb 16, 2010","77.01","74.02","77.42","73.71","365.03K","3.89"
"Feb 12, 2010","74.13","75.30","75.35","72.66","335.81K","-1.53"
"Feb 11, 2010","75.28","74.65","75.69","73.38","464.44K","1.02"
"Feb 10, 2010","74.52","73.79","74.97","72.60","422.06K","1.04"
"Feb 09, 2010","73.75","71.68","74.15","71.32","429.85K","2.59"
"Feb 08, 2010","71.89","72.18","72.39","70.77","345.64K","0.98"
"Feb 05, 2010","71.19","73.04","73.94","69.50","596.14K","-2.67"
"Feb 04, 2010","73.14","77.09","77.17","72.42","523.89K","-4.99"
"Feb 03, 2010","76.98","76.99","78.04","76.52","391.29K","-0.32"
"Feb 02, 2010","77.23","74.94","77.41","74.40","366.27K","3.76"
"Feb 01, 2010","74.43","72.84","74.99","72.49","277.41K","2.11"
"Jan 29, 2010","72.89","73.89","74.82","72.43","335.27K","-1.02"
"Jan 28, 2010","73.64","73.75","74.49","72.93","292.91K","-0.04"
"Jan 27, 2010","73.67","74.69","75.09","72.65","356.18K","-1.39"
"Jan 26, 2010","74.71","75.28","75.39","73.82","256.21K","-0.73"
"Jan 25, 2010","75.26","74.24","75.42","74.06","280.56K","0.97"
"Jan 22, 2010","74.54","75.84","76.50","74.01","348.82K","-2.02"
"Jan 21, 2010","76.08","77.56","78.36","75.66","327.42K","-1.98"
"Jan 20, 2010","77.62","78.88","79.03","76.96","40.68K","-1.77"
"Jan 19, 2010","79.02","77.85","79.15","76.76","186.88K","1.31"
"Jan 15, 2010","78.00","79.20","79.31","77.70","200.56K","-1.75"
"Jan 14, 2010","79.39","79.63","80.36","78.92","275.40K","-0.33"
"Jan 13, 2010","79.65","80.06","80.67","78.37","401.63K","-1.41"
"Jan 12, 2010","80.79","82.07","82.34","79.91","333.87K","-2.10"
"Jan 11, 2010","82.52","82.88","83.95","81.96","296.30K","-0.28"
"Jan 08, 2010","82.75","82.65","83.47","81.80","310.38K","0.11"
"Jan 07, 2010","82.66","83.20","83.36","82.26","246.63K","-0.63"
"Jan 06, 2010","83.18","81.43","83.52","80.85","370.06K","1.72"
"Jan 05, 2010","81.77","81.63","82.00","80.95","258.89K","0.32"
"Jan 04, 2010","81.51","79.63","81.79","79.63","263.54K","2.71"
"Dec 31, 2009","79.36","79.28","80.00","79.16","120.37K","0.10"
"Dec 30, 2009","79.28","78.80","79.80","78.46","156.08K","0.52"
"Dec 29, 2009","78.87","78.66","79.39","78.02","137.09K","0.13"
"Dec 28, 2009","78.77","77.92","79.12","77.76","108.90K","0.92"
"Dec 24, 2009","78.05","76.59","78.25","76.19","102.48K","1.80"
"Dec 23, 2009","76.67","74.52","77.00","74.25","205.59K","3.05"
"Dec 22, 2009","74.40","73.43","74.91","72.72","196.83K","2.66"
"Dec 21, 2009","72.47","73.05","74.32","71.99","25.99K","-1.21"
"Dec 18, 2009","73.36","72.60","74.69","72.55","122.74K","0.98"
"Dec 17, 2009","72.65","72.74","73.13","71.21","173.96K","-0.01"
"Dec 16, 2009","72.66","70.78","73.55","70.59","298.38K","2.79"
"Dec 15, 2009","70.69","69.57","71.15","69.31","262.95K","1.70"
"Dec 14, 2009","69.51","69.63","70.22","68.59","268.93K","-0.52"
"Dec 11, 2009","69.87","70.57","71.20","69.46","343.41K","-0.95"
"Dec 10, 2009","70.54","70.80","71.39","69.81","407.66K","-0.18"
"Dec 09, 2009","70.67","73.12","73.87","70.13","526.97K","-2.69"
"Dec 08, 2009","72.62","74.00","74.39","72.43","424.77K","-1.77"
"Dec 07, 2009","73.93","75.80","76.10","73.70","359.25K","-2.04"
"Dec 04, 2009","75.47","75.83","77.90","74.85","411.58K","-1.29"
"Dec 03, 2009","76.46","76.51","77.50","75.54","351.79K","-0.18"
"Dec 02, 2009","76.60","77.90","78.59","76.22","340.90K","-2.26"
"Dec 01, 2009","78.37","77.35","79.04","77.01","310.48K","1.41"
"Nov 30, 2009","77.28","76.05","78.00","75.13","358.54K","1.62"
"Nov 27, 2009","76.05","77.80","77.94","72.39","301.35K","-2.45"
"Nov 25, 2009","77.96","75.83","78.09","75.50","337.39K","2.55"
"Nov 24, 2009","76.02","77.45","77.80","75.60","413.03K","-1.99"
"Nov 23, 2009","77.56","77.80","79.92","77.15","382.89K","1.09"
"Nov 20, 2009","76.72","77.59","77.99","76.20","35.05K","-0.96"
"Nov 19, 2009","77.46","79.63","79.87","77.06","175.23K","-2.66"
"Nov 18, 2009","79.58","79.38","80.33","78.67","253.66K","0.56"
"Nov 17, 2009","79.14","78.93","79.73","78.14","319.24K","0.30"
"Nov 16, 2009","78.90","76.58","79.43","76.35","361.39K","3.34"
"Nov 13, 2009","76.35","76.78","77.67","75.57","335.37K","-0.77"
"Nov 12, 2009","76.94","79.25","79.69","76.52","412.83K","-2.95"
"Nov 11, 2009","79.28","78.88","80.10","78.57","297.82K","0.29"
"Nov 10, 2009","79.05","79.24","80.51","77.89","371.09K","-0.48"
"Nov 09, 2009","79.43","77.87","80.19","77.77","327.40K","2.58"
"Nov 06, 2009","77.43","79.80","80.34","76.71","395.80K","-2.75"
"Nov 05, 2009","79.62","80.29","80.52","79.34","257.60K","-0.97"
"Nov 04, 2009","80.40","79.47","81.06","79.12","366.10K","1.01"
"Nov 03, 2009","79.60","78.09","79.77","76.55","373.99K","1.88"
"Nov 02, 2009","78.13","77.02","78.66","76.56","371.01K","1.47"
"Oct 30, 2009","77.00","79.98","80.21","76.85","412.39K","-3.59"
"Oct 29, 2009","79.87","78.75","80.46","77.03","360.58K","3.11"
"Oct 28, 2009","77.46","79.47","79.83","77.06","359.44K","-2.63"
"Oct 27, 2009","79.55","78.68","79.89","77.81","375.67K","1.11"
"Oct 26, 2009","78.68","79.65","81.58","77.97","363.91K","-2.26"
"Oct 23, 2009","80.50","81.26","81.78","79.55","293.75K","-0.85"
"","","","","","",""
"","Highest:114.83","Lowest:64.24","Difference:50.59","Average:92.30","Change %:1.11"
